time,force_left,force_right,dis_left,dis_right,force_avg,force_sum,force_diff,force_diff_ratio,total_delta_dis,dis_diff,left_force_rate,right_force_rate,force_rate,force_rate_diff,force_rate_ratio,left_force_acc,right_force_acc,force_acc,left_dis_rate,right_dis_rate,dis_rate_diff,stiffness_ratio,force_std_5s,force_diff_std_5s,force_rate_std_5s
2024-04-28 07:47:13,271.75,271.75,-0.15,0.75,271.75,543.5,0.0,0.0,0.6,0.9,0.0,0.0,0.0,0.0,0.0,0.0,0.0,0.0,0.0,0.0,0.0,452.91591180681365,0.0,0.0,0.0
2024-04-28 07:47:14,271.75,266.46,-0.15,0.75,269.105,538.21,5.2900000000000205,0.019657754335082,0.6,0.9,0.0,-5.2900000000000205,-2.644999999999982,5.2900000000000205,1.99999924385664,0.0,-5.2900000000000205,-2.644999999999982,0.0,0.0,0.0,448.5075858206904,0.0,0.0,0.0
2024-04-28 07:47:15,275.72,271.75,-0.15,0.83,273.735,547.47,3.9700000000000273,0.0145030777412349,0.6799999999999999,0.98,3.9700000000000273,5.2900000000000205,4.629999999999996,1.3199999999999932,0.2850971306485667,3.9700000000000273,10.58000000000004,7.274999999999977,0.0,0.0799999999999999,0.0799999999999999,402.5508786016492,0.0,0.0,0.0
2024-04-28 07:47:16,278.36,270.43,-0.15,0.97,274.395,548.79,7.930000000000007,0.0288999434067678,0.82,1.12,2.6399999999999864,-1.3199999999999932,0.6599999999999682,3.95999999999998,5.999990909104941,-1.330000000000041,-6.610000000000014,-3.9700000000000273,0.0,0.14,0.14,334.62764069799914,0.0,0.0,0.0
2024-04-28 07:47:17,275.72,267.79,-0.15,0.97,271.755,543.51,7.930000000000007,0.0291806957399838,0.82,1.12,-2.6399999999999864,-2.6399999999999864,-2.6399999999999864,0.0,0.0,-5.279999999999973,-1.3199999999999932,-3.2999999999999545,0.0,0.0,0.0,331.4081324291068,2.070041062394638,3.290589612820172,2.9932474003997624
2024-04-28 07:47:18,281.01,271.75,-0.15,1.14,276.38,552.76,9.259999999999993,0.0335045950014306,0.99,1.2899999999999998,5.289999999999964,3.95999999999998,4.625,1.329999999999984,0.2875675053908062,7.92999999999995,6.599999999999966,7.264999999999986,0.0,0.1699999999999999,0.1699999999999999,279.1714351803685,2.7660585677096186,2.171722818409371,3.638041025057296
2024-04-28 07:47:19,279.69,267.79,-0.15,1.14,273.74,547.48,11.899999999999975,0.0434719074907871,0.99,1.2899999999999998,-1.3199999999999932,-3.95999999999998,-2.6399999999999864,2.6399999999999864,0.9999996212122646,-6.609999999999957,-7.919999999999959,-7.264999999999986,0.0,0.0,0.0,276.50477120730187,1.6581819863934326,2.865845425001128,3.636814540226096
2024-04-28 07:47:20,279.69,273.08,-0.15,1.34,276.385,552.77,6.610000000000014,0.0239159143082442,1.1900000000000002,1.49,0.0,5.289999999999964,2.644999999999982,5.289999999999964,1.9999992438566183,1.3199999999999932,9.249999999999943,5.284999999999968,0.0,0.2000000000000001,0.2000000000000001,232.2561073478089,1.9497737048179615,2.0064969474185457,3.2154684728667355
2024-04-28 07:47:21,278.36,271.75,-0.15,1.34,275.055,550.11,6.610000000000014,0.0240315572375287,1.1900000000000002,1.49,-1.329999999999984,-1.329999999999984,-1.329999999999984,0.0,0.0,-1.329999999999984,-6.619999999999948,-3.974999999999966,0.0,0.0,0.0,231.13846122818384,1.9605758082766251,2.213564997916241,3.316912344334702
2024-04-28 07:47:22,288.94,271.75,-0.15,1.48,280.345,560.69,17.189999999999998,0.0613173052441908,1.33,1.63,10.579999999999984,0.0,5.2900000000000205,10.579999999999984,1.999999621928227,11.909999999999968,1.329999999999984,6.6200000000000045,0.0,0.1399999999999999,0.1399999999999999,210.785555800334,2.472168582439162,4.425633288016522,3.5479441230098274
2024-04-28 07:47:23,282.33,273.08,-0.15,1.48,277.705,555.41,9.25,0.0333087267665014,1.33,1.63,-6.610000000000014,1.329999999999984,-2.640000000000043,7.939999999999998,3.0075746183428973,-17.189999999999998,1.329999999999984,-7.930000000000064,0.0,0.0,0.0,208.80059488677077,2.5420621550228013,4.426230902246281,3.54743216989417
2024-04-28 07:47:24,296.87,275.72,-0.15,1.65,286.295,572.59,21.149999999999977,0.0738748491106206,1.5,1.7999999999999998,14.54000000000002,2.640000000000043,8.590000000000032,11.899999999999975,1.3853316198682557,21.150000000000038,1.3100000000000591,11.230000000000077,0.0,0.1699999999999999,0.1699999999999999,190.863206091196,4.443565010214024,6.636905905615946,4.636300249121081
2024-04-28 07:47:25,282.33,271.75,-0.15,1.65,277.04,554.0799999999999,10.579999999999984,0.0381894309912307,1.5,1.7999999999999998,-14.54000000000002,-3.9700000000000273,-9.255000000000052,10.569999999999991,1.1420852358632845,-29.08000000000004,-6.610000000000071,-17.845000000000084,0.0,0.0,0.0,184.6932102045265,4.350085631340873,6.014979634213226,7.001426997405635
2024-04-28 07:47:26,279.69,279.69,-0.15,1.81,279.69,559.38,0.0,0.0,1.66,1.96,-2.6399999999999864,7.939999999999998,2.650000000000034,10.579999999999984,3.9924513236032166,11.900000000000034,11.910000000000023,11.905000000000086,0.0,0.1600000000000001,0.1600000000000001,168.4878503085239,3.66195473756818,8.117384430960499,7.020019230742929
2024-04-28 07:47:27,283.65,275.72,-0.15,1.81,279.685,559.37,7.92999999999995,0.0283533259618736,1.66,1.96,3.95999999999998,-3.9699999999999696,-0.0049999999999954,7.92999999999995,1585.6828634287465,6.599999999999966,-11.909999999999968,-2.6550000000000296,0.0,0.0,0.0,168.48483826214562,3.667987527241346,7.570810392553754,6.583086851925963
2024-04-28 07:47:28,283.65,261.17,-0.15,1.95,272.41,544.8199999999999,22.47999999999996,0.0825226677342142,1.8,2.1,0.0,-14.550000000000011,-7.275000000000034,14.550000000000011,1.9999997250859405,-3.95999999999998,-10.58000000000004,-7.270000000000039,0.0,0.1399999999999999,0.1399999999999999,151.33880481177508,5.0356024962260975,9.423617670512732,7.310674900445276
2024-04-28 07:47:29,284.97,275.72,-0.15,1.95,280.345,560.69,9.25,0.0329950595409404,1.8,2.1,1.32000000000005,14.550000000000011,7.935000000000059,13.22999999999996,1.6672965762701053,1.32000000000005,29.100000000000023,15.210000000000091,0.0,0.0,0.0,155.74713569603574,3.287334406475677,8.076550625112173,7.097304065629475
2024-04-28 07:47:30,282.33,319.33,-0.15,2.01,300.83,601.66,37.0,0.1229930521457532,1.86,2.16,-2.640000000000043,43.60999999999996,20.48499999999996,46.25,2.2577494626434285,-3.960000000000093,29.059999999999945,12.549999999999898,0.0,0.0599999999999998,0.0599999999999998,161.7364721846924,10.703025623626123,14.5554687317173,10.36043893857784
2024-04-28 07:47:31,287.62,275.72,-0.15,2.04,281.67,563.34,11.899999999999975,0.0422480205834911,1.89,2.19,5.2900000000000205,-43.60999999999996,-19.159999999999968,48.89999999999998,2.5521919336016765,7.930000000000064,-87.21999999999991,-39.644999999999925,0.0,0.0300000000000002,0.0300000000000002,149.0316671790121,10.604992102778636,12.204846168633187,15.015380614556516
2024-04-28 07:47:32,286.3,320.66,-0.15,2.07,303.48,606.96,34.360000000000014,0.1132199811743114,1.92,2.22,-1.3199999999999932,44.94,21.81,46.25999999999999,2.1210452947709624,-6.610000000000014,88.54999999999995,40.96999999999997,0.0,0.0299999999999998,0.0299999999999998,158.06241767582415,13.65316153863258,12.625296828193791,17.78388575368161
2024-04-28 07:47:33,286.3,278.36,-0.15,2.21,282.33000000000004,564.6600000000001,7.939999999999998,0.0281231182370873,2.06,2.36,0.0,-42.30000000000001,-21.149999999999977,42.30000000000001,1.9999999054373596,1.3199999999999932,-87.24000000000001,-42.95999999999998,0.0,0.1400000000000001,0.1400000000000001,137.053331527509,11.402569008780214,14.333398061869357,20.934554986910975
2024-04-28 07:47:34,283.65,277.04,-0.15,2.21,280.345,560.69,6.609999999999957,0.0235780911962826,2.06,2.36,-2.650000000000034,-1.3199999999999932,-1.9850000000000136,1.330000000000041,0.6700248513728869,-2.650000000000034,40.98000000000002,19.164999999999964,0.0,0.0,0.0,136.08973976226224,11.402569008780214,14.871079987680805,20.698306995983973
2024-04-28 07:47:35,286.3,277.04,-0.15,2.35,281.67,563.34,9.259999999999993,0.0328753504708511,2.2,2.5,2.650000000000034,0.0,1.3249999999999886,2.650000000000034,1.99999849056722,5.300000000000068,1.3199999999999932,3.3100000000000023,0.0,0.1400000000000001,0.1400000000000001,128.03175998556364,9.854505568520247,11.540601370812544,17.48126804611152
2024-04-28 07:47:36,286.3,277.04,-0.15,2.35,281.67,563.34,9.259999999999993,0.0328753504708511,2.2,2.5,0.0,0.0,0.0,0.0,0.0,-2.650000000000034,0.0,-1.3249999999999886,0.0,0.0,0.0,128.03175998556364,9.854505568520247,11.720489750859404,15.237244255441988
2024-04-28 07:47:37,290.26,279.69,-0.15,2.43,284.975,569.95,10.569999999999991,0.0370909727622037,2.28,2.58,3.95999999999998,2.6499999999999773,3.305000000000007,1.3100000000000025,0.3963690177400852,3.95999999999998,2.6499999999999773,3.305000000000007,0.0,0.08,0.08,124.9889802679911,1.7117483751994462,1.5054799899035602,9.943017273443704
2024-04-28 07:47:38,288.94,279.69,-0.15,2.43,284.315,568.63,9.25,0.0325343368006108,2.28,2.58,-1.3199999999999932,0.0,-0.660000000000025,1.3199999999999932,1.9999969697014748,-5.279999999999973,-2.6499999999999773,-3.965000000000032,0.0,0.0,0.0,124.69950671074264,1.9619218893722024,1.446910501724288,2.016583124991412
2024-04-28 07:47:39,288.94,282.33,-0.15,2.54,285.635,571.27,6.610000000000014,0.0231414216635167,2.39,2.69,0.0,2.6399999999999864,1.3199999999999932,2.6399999999999864,1.9999984848496328,1.3199999999999932,2.6399999999999864,1.9800000000000184,0.0,0.1099999999999998,0.1099999999999998,119.51250229602412,1.8694136781348012,1.4469105017242647,1.5214984390396606
2024-04-28 07:47:40,290.26,281.01,-0.15,2.54,285.635,571.27,9.25,0.0323839864428939,2.39,2.69,1.3199999999999932,-1.3199999999999932,0.0,2.6399999999999864,2639999.9999999865,1.3199999999999932,-3.95999999999998,-1.3199999999999932,0.0,0.0,0.0,119.51250229602412,1.6454953661427378,1.4464508287529043,1.5777182891758976
2024-04-28 07:47:41,292.91,282.33,-0.15,2.66,287.62,575.24,10.58000000000004,0.0367846462805625,2.51,2.81,2.650000000000034,1.3199999999999932,1.9850000000000136,1.330000000000041,0.6700248513728869,1.330000000000041,2.6399999999999864,1.9850000000000136,0.0,0.1200000000000001,0.1200000000000001,114.58959578103752,1.2367517940140047,1.6187093624242717,1.5780327943360786
2024-04-28 07:47:42,288.94,281.01,-0.15,2.66,284.975,569.95,7.930000000000007,0.0278270022709816,2.51,2.81,-3.9700000000000273,-1.3199999999999932,-2.644999999999982,2.650000000000034,1.0018899803818797,-6.620000000000061,-2.6399999999999864,-4.629999999999996,0.0,0.0,0.0,113.5358113403142,1.2367517940140047,1.5081047708962425,1.8106801208386003
2024-04-28 07:47:43,292.91,282.33,-0.15,2.77,287.62,575.24,10.58000000000004,0.0367846462805625,2.62,2.92,3.9700000000000273,1.3199999999999932,2.644999999999982,2.650000000000034,1.0018899803818797,7.940000000000055,2.6399999999999864,5.289999999999964,0.0,0.1099999999999998,0.1099999999999998,109.77858405397556,1.2374196943626814,1.725673781454662,2.0910565511243484
2024-04-28 07:47:44,290.26,281.01,-0.15,2.77,285.635,571.27,9.25,0.0323839864428939,2.62,2.92,-2.650000000000034,-1.3199999999999932,-1.9850000000000136,1.330000000000041,0.6700248513728869,-6.620000000000061,-2.6399999999999864,-4.629999999999996,0.0,0.0,0.0,109.02095075536228,1.2374196943626814,1.109175369362314,2.338402232294537
2024-04-28 07:47:45,292.91,283.65,-0.15,2.88,288.28,576.56,9.260000000000048,0.0321215483830945,2.73,3.03,2.650000000000034,2.6399999999999864,2.644999999999982,0.0100000000000477,0.0037807169071194,5.300000000000068,3.95999999999998,4.629999999999996,0.0,0.1099999999999998,0.1099999999999998,105.59703091683848,1.4334983432136947,1.1085801730141216,2.620559100650099
2024-04-28 07:47:46,292.91,282.33,-0.15,2.88,287.62,575.24,10.58000000000004,0.0367846462805625,2.73,3.03,0.0,-1.3199999999999932,-0.6599999999999682,1.3199999999999932,1.999996969701647,-2.650000000000034,-3.95999999999998,-3.30499999999995,0.0,0.0,0.0,105.35527276363636,1.4334983432136947,1.1085801730141216,2.518129265943277
2024-04-28 07:47:47,287.62,282.33,-0.15,2.99,284.975,569.95,5.2900000000000205,0.0185630317797595,2.8400000000000003,3.14,-5.2900000000000205,0.0,-2.644999999999982,5.2900000000000205,1.99999924385664,-5.2900000000000205,1.3199999999999932,-1.9850000000000136,0.0,0.1100000000000003,0.1100000000000003,100.343274527016,1.4334983432136947,2.172940404152866,2.518129265943277
2024-04-28 07:47:48,292.91,282.33,-0.15,2.99,287.62,575.24,10.58000000000004,0.0367846462805625,2.8400000000000003,3.14,5.2900000000000205,0.0,2.644999999999982,5.2900000000000205,1.99999924385664,10.58000000000004,0.0,5.289999999999964,0.0,0.0,0.0,101.2746122272492,1.4334983432136947,2.172940404152866,2.518129265943277
2024-04-28 07:47:49,292.91,283.65,-0.15,3.08,288.28,576.56,9.260000000000048,0.0321215483830945,2.93,3.23,0.0,1.3199999999999932,0.6599999999999682,1.3199999999999932,1.999996969701647,-5.2900000000000205,1.3199999999999932,-1.9850000000000136,0.0,0.0899999999999998,0.0899999999999998,98.38904491841468,1.3707753280520456,2.1732418181141337,2.261640444456193
2024-04-28 07:47:50,292.91,283.65,-0.15,3.08,288.28,576.56,9.260000000000048,0.0321215483830945,2.93,3.23,0.0,0.0,0.0,0.0,0.0,0.0,-1.3199999999999932,-0.6599999999999682,0.0,0.0,0.0,98.38904491841468,1.3707753280520456,2.1732418181141337,1.927644287725312
2024-04-28 07:47:51,292.91,267.79,-0.15,3.16,280.35,560.7,25.120000000000005,0.0896022825411012,3.01,3.31,0.0,-15.859999999999957,-7.92999999999995,15.859999999999957,1.9999997477932292,0.0,-15.859999999999957,-7.92999999999995,0.0,0.08,0.08,93.13950394036414,3.3891488607018405,7.65085093306619,4.084787938192122
2024-04-28 07:47:52,290.26,283.65,-0.15,3.16,286.955,573.91,6.610000000000014,0.023034970559722,3.01,3.31,-2.650000000000034,15.859999999999957,6.604999999999961,18.50999999999999,2.802421982979276,-2.650000000000034,31.719999999999917,14.534999999999911,0.0,0.0,0.0,95.33385537081216,3.3695207374338065,7.383771394077677,5.318798501541466
2024-04-28 07:47:53,292.91,283.65,-0.15,3.16,288.28,576.56,9.260000000000048,0.0321215483830945,3.01,3.31,2.650000000000034,0.0,1.3249999999999886,2.650000000000034,1.99999849056722,5.300000000000068,-15.859999999999957,-5.279999999999973,0.0,0.0,0.0,95.77405456011476,3.446357497416132,7.47765471254188,5.210926740993367
2024-04-28 07:47:54,292.91,284.97,-0.15,3.27,288.94000000000005,577.8800000000001,7.939999999999998,0.0274797534869531,3.12,3.42,0.0,1.32000000000005,0.6600000000000819,1.32000000000005,1.9999969697013888,-2.650000000000034,1.32000000000005,-0.6649999999999068,0.0,0.1099999999999998,0.1099999999999998,92.60894467662033,3.54617117466098,7.616266802049405,5.21092674099337
2024-04-28 07:47:55,292.91,282.33,-0.15,3.27,287.62,575.24,10.58000000000004,0.0367846462805625,3.12,3.42,0.0,-2.640000000000043,-1.32000000000005,2.640000000000043,1.9999984848495895,0.0,-3.960000000000093,-1.980000000000132,0.0,0.0,0.0,92.1858678891449,3.4778125308872694,7.5356831143566465,5.252557234338321
2024-04-28 07:47:56,294.23,287.62,-0.15,3.36,290.925,581.85,6.610000000000014,0.0227206323873141,3.21,3.51,1.3199999999999932,5.2900000000000205,3.305000000000007,3.9700000000000273,1.2012099239909515,1.3199999999999932,7.930000000000064,4.625000000000057,0.0,0.0899999999999998,0.0899999999999998,90.63081288759724,1.5226925165626248,1.725673781454662,3.00485232582236
2024-04-28 07:47:57,296.87,284.97,-0.15,3.36,290.92,581.84,11.899999999999975,0.0409047159325424,3.21,3.51,2.6399999999999864,-2.6499999999999773,-0.0049999999999954,5.289999999999964,1057.7884423124922,1.3199999999999932,-7.939999999999998,-3.3100000000000023,0.0,0.0,0.0,90.62925525568372,1.5207383075320715,2.0902679254105103,1.7111713824161932
2024-04-28 07:47:58,290.26,286.3,-0.15,3.44,288.28,576.56,3.95999999999998,0.0137366448808912,3.29,3.59,-6.610000000000014,1.329999999999984,-2.640000000000043,7.939999999999998,3.0075746183428973,-9.25,3.979999999999961,-2.635000000000048,0.0,0.08,0.08,87.62307367079826,1.5207383075320715,3.1594176678622308,2.240013950849463
2024-04-28 07:47:59,294.23,283.65,-0.15,3.44,288.94,577.88,10.58000000000004,0.0366165984750586,3.29,3.59,3.9700000000000273,-2.650000000000034,0.660000000000025,6.620000000000061,10.030287832896937,10.58000000000004,-3.980000000000018,3.300000000000068,0.0,0.0,0.0,87.8236815125588,1.5207383075320755,3.321939192700561,2.240013950849459
2024-04-28 07:48:00,294.23,286.3,-0.15,3.5,290.265,580.53,7.930000000000007,0.027319862789796,3.35,3.65,0.0,2.650000000000034,1.3249999999999886,2.650000000000034,1.99999849056722,-3.9700000000000273,5.300000000000068,0.6649999999999636,0.0,0.06,0.06,86.64624279216632,1.200465534696986,3.159624977746571,2.1612883889014367
2024-04-28 07:48:01,292.91,284.97,-0.15,3.5,288.94000000000005,577.8800000000001,7.939999999999998,0.0274797534869531,3.35,3.65,-1.3199999999999932,-1.329999999999984,-1.3249999999999318,0.0099999999999909,0.0075471641153413,-1.3199999999999932,-3.980000000000018,-2.6499999999999204,0.0,0.0,0.0,86.25072052217298,1.0854054541946256,3.046690007204545,1.5912597211015278
2024-04-28 07:48:02,292.91,286.3,-0.15,3.53,289.605,579.21,6.610000000000014,0.0228241914924667,3.38,3.68,0.0,1.329999999999984,0.6649999999999636,1.329999999999984,1.999996992485811,1.3199999999999932,2.659999999999968,1.9899999999998956,0.0,0.0299999999999998,0.0299999999999998,85.68192731303927,0.7549288045872543,2.4053336566888333,1.659279210982917
2024-04-28 07:48:03,291.58,286.3,-0.15,3.53,288.94,577.88,5.279999999999973,0.0182736899762105,3.38,3.68,-1.330000000000041,0.0,-0.6650000000000205,1.330000000000041,1.9999969924857253,-1.330000000000041,-1.329999999999984,-1.329999999999984,0.0,0.0,0.0,85.4851818091178,0.592838510891007,1.9649605594006367,1.0890569314778915
2024-04-28 07:48:04,295.55,286.3,-0.15,3.61,290.925,581.85,9.25,0.031795136094199,3.46,3.76,3.9700000000000273,0.0,1.9850000000000136,3.9700000000000273,1.9999989924438328,5.300000000000068,0.0,2.650000000000034,0.0,0.08,0.08,84.08234564094057,0.8628368907245976,1.50942704361622,1.373670266111939
2024-04-28 07:48:05,295.55,284.97,-0.15,3.61,290.26,580.52,10.579999999999984,0.0364500791137252,3.46,3.76,0.0,-1.329999999999984,-0.6650000000000205,1.329999999999984,1.99999699248564,-3.9700000000000273,-1.329999999999984,-2.650000000000034,0.0,0.0,0.0,83.89014916469677,0.8620716327517621,2.093434976300908,1.3250018867911328
2024-04-28 07:48:06,292.91,287.62,-0.15,3.67,290.265,580.53,5.2900000000000205,0.0182247256189182,3.52,3.82,-2.6399999999999864,2.6499999999999773,0.0049999999999954,5.289999999999964,1057.7884423124922,-2.6399999999999864,3.979999999999961,0.6700000000000159,0.0,0.06,0.06,82.46162430067491,0.7538351941871526,2.40340799699093,1.1085801730141651
2024-04-28 07:48:07,295.55,283.65,-0.15,3.67,289.6,579.2,11.900000000000034,0.0410911600791052,3.52,3.82,2.6399999999999864,-3.9700000000000273,-0.6649999999999636,6.610000000000014,9.9398346769409,5.279999999999973,-6.6200000000000045,-0.6699999999999591,0.0,0.0,0.0,82.27270389980004,0.7544915506453234,3.04603841078868,1.1474885620345447
2024-04-28 07:48:08,294.23,287.62,-0.15,3.78,290.925,581.85,6.610000000000014,0.0227206323873141,3.63,3.93,-1.3199999999999932,3.9700000000000273,1.3249999999999886,5.2900000000000205,3.992449817019056,-3.95999999999998,7.940000000000055,1.9899999999999525,0.0,0.1099999999999998,0.1099999999999998,80.1446060207697,0.5542900865025204,2.7417932088324903,1.2033578021519995
2024-04-28 07:48:09,294.23,287.62,-0.15,3.78,290.925,581.85,6.610000000000014,0.0227206323873141,3.63,3.93,0.0,0.0,0.0,0.0,0.0,1.3199999999999932,-3.9700000000000273,-1.3249999999999886,0.0,0.0,0.0,80.1446060207697,0.5542900865025204,2.8669966864298893,0.8124192267543151
2024-04-28 07:48:10,292.91,287.62,-0.15,3.86,290.265,580.53,5.2900000000000205,0.0182247256189182,3.71,4.01,-1.3199999999999932,0.0,-0.660000000000025,1.3199999999999932,1.9999969697014748,-1.3199999999999932,0.0,-0.660000000000025,0.0,0.08,0.08,78.23852338584275,0.5539900721086709,2.74155065610687,0.8113984841001864
2024-04-28 07:48:11,288.94,287.62,-0.15,3.86,288.28,576.56,1.3199999999999932,0.0045788816269637,3.71,4.01,-3.9700000000000273,0.0,-1.9850000000000136,3.9700000000000273,1.9999989924438328,-2.650000000000034,0.0,-1.3249999999999886,0.0,0.0,0.0,77.70348309879161,1.106782498955959,3.786889224680341,1.2026668283444468
2024-04-28 07:48:12,292.91,341.79,-0.15,4.31,317.35,634.7,48.88,0.1540255233841956,4.159999999999999,4.46,3.9700000000000273,54.170000000000016,29.07000000000005,50.19999999999999,1.7268661256667963,7.940000000000055,54.170000000000016,31.055000000000064,0.0,0.4499999999999997,0.4499999999999997,76.28603935431748,12.23524999744561,19.76203607931125,13.20211962148506
2024-04-28 07:48:13,292.91,319.33,-0.15,5.27,306.12,612.24,26.41999999999996,0.0863060234995881,5.119999999999999,5.42,0.0,-22.46000000000004,-11.230000000000018,22.46000000000004,1.9999998219056256,-3.9700000000000273,-76.63000000000005,-40.30000000000007,0.0,0.96,0.96,59.78905082245102,12.67864769997145,19.959529804081047,15.24283454610726
2024-04-28 07:48:14,295.55,303.48,-0.15,6.22,299.515,599.03,7.930000000000007,0.0264761363321498,6.069999999999999,6.37,2.6399999999999864,-15.849999999999966,-6.605000000000018,18.489999999999952,2.79939397435366,2.6399999999999864,6.610000000000071,4.625,0.0,0.9500000000000002,0.9500000000000002,49.34348445741607,11.941237059031636,19.78406606337533,15.846308955084808
2024-04-28 07:48:15,296.87,296.87,-0.15,7.15,296.87,593.74,0.0,0.0,7.0,7.300000000000001,1.3199999999999932,-6.610000000000014,-2.644999999999982,7.930000000000007,2.9981085073314,-1.3199999999999932,9.239999999999952,3.960000000000037,0.0,0.9300000000000006,0.9300000000000006,42.40999394142944,10.870048067970524,20.74944336602791,15.945335289670172
2024-04-28 07:48:16,314.05,333.87,-0.15,8.1,323.96000000000004,647.9200000000001,19.819999999999997,0.061180392452215,7.949999999999999,8.25,17.180000000000007,37.0,27.090000000000032,19.819999999999997,0.7316352627672464,15.860000000000014,43.610000000000014,29.735000000000014,0.0,0.9499999999999992,0.9499999999999992,40.74968040884524,11.60430717449286,18.83565501913856,19.37172856252124
2024-04-28 07:48:17,320.66,356.32,-0.15,9.06,338.49,676.98,35.65999999999997,0.1053502316010805,8.91,9.21,6.610000000000014,22.44999999999999,14.529999999999973,15.839999999999977,1.0901582181584162,-10.569999999999991,-14.550000000000011,-12.56000000000006,0.0,0.9600000000000009,0.9600000000000009,37.98989472616221,17.74272963779768,14.24327490431886,16.065055477650876
2024-04-28 07:48:18,333.87,377.44,-0.15,9.98,355.655,711.31,43.56999999999999,0.1225063611575646,9.83,10.13,13.20999999999998,21.120000000000005,17.164999999999964,7.910000000000025,0.4608214121280879,6.599999999999966,-1.329999999999984,2.634999999999991,0.0,0.92,0.92,36.1805660040116,25.20655088464066,18.28082137104347,14.137759988767677
2024-04-28 07:48:19,343.11,386.68,-0.15,10.91,364.895,729.79,43.56999999999999,0.1194042118433954,10.76,11.06,9.240000000000007,9.240000000000007,9.240000000000007,0.0,0.0,-3.9699999999999696,-11.879999999999995,-7.924999999999954,0.0,0.9299999999999996,0.9299999999999996,33.912171569500785,26.94232390681939,18.661892454946784,10.921206091819718
2024-04-28 07:48:20,353.68,372.16,-0.15,11.83,362.92,725.84,18.480000000000015,0.0509203128763355,11.68,11.98,10.569999999999991,-14.519999999999982,-1.974999999999966,25.08999999999997,12.703791036055378,1.329999999999984,-23.75999999999999,-11.214999999999977,0.0,0.92,0.92,31.071915147952478,17.521407406369054,12.369581642076652,10.681572332760751
2024-04-28 07:48:21,356.32,361.6,-0.15,12.79,358.96000000000004,717.9200000000001,5.28000000000003,0.0147091597539861,12.64,12.94,2.6399999999999864,-10.560000000000002,-3.95999999999998,13.199999999999989,3.3333324915827185,-7.930000000000007,3.95999999999998,-1.9850000000000136,0.0,0.9599999999999992,0.9599999999999992,28.398731930480075,10.515689111986935,16.89487703417812,9.561876777076746
2024-04-28 07:48:22,353.68,352.36,-0.15,13.72,353.02,706.04,1.3199999999999932,0.0037391649092426,13.57,13.87,-2.6399999999999864,-9.240000000000007,-5.940000000000055,6.600000000000023,1.1111109240553936,-5.279999999999973,1.3199999999999932,-1.980000000000075,0.0,0.9300000000000016,0.9300000000000016,26.01473647643799,4.925138322926469,20.30489670005734,9.907780654616852
2024-04-28 07:48:23,353.68,376.12,-0.15,14.64,364.9,729.8,22.44,0.0614963001877328,14.49,14.79,0.0,23.75999999999999,11.879999999999995,23.75999999999999,1.999999831649846,2.6399999999999864,33.0,17.82000000000005,0.0,0.92,0.92,25.182883010153,5.047049137858431,16.68496388968222,8.128404209929533
2024-04-28 07:48:24,357.64,410.43,-0.15,15.57,384.035,768.0699999999999,52.79000000000002,0.1374614289388691,15.42,15.72,3.95999999999998,34.31,19.13499999999999,30.350000000000023,1.5860986889940605,3.95999999999998,10.550000000000011,7.2549999999999955,0.0,0.9299999999999996,0.9299999999999996,24.90499189980597,11.687580801857775,20.30424635390341,11.0553214562038
2024-04-28 07:48:25,361.6,424.94,-0.15,16.52,393.27,786.54,63.339999999999975,0.1610598312582707,16.37,16.669999999999998,3.960000000000037,14.509999999999993,9.235000000000014,10.549999999999956,1.1423929461404432,5.684341886080803e-14,-19.80000000000001,-9.899999999999975,0.0,0.9499999999999992,0.9499999999999992,24.02382260086605,17.111277567731467,27.91526607431853,10.715742508104618
2024-04-28 07:48:26,382.72,428.9,-0.15,17.42,405.81,811.62,46.17999999999995,0.1137970968832775,17.270000000000003,17.57,21.120000000000005,3.95999999999998,12.54000000000002,17.160000000000025,1.3684209435071015,17.159999999999968,-10.550000000000011,3.305000000000007,0.0,0.9000000000000021,0.9000000000000021,23.497972003591656,21.296985584817964,25.06102112843768,9.302130804283529
2024-04-28 07:48:27,391.96,406.47,-0.15,18.35,399.215,798.4300000000001,14.510000000000048,0.0363463295809368,18.200000000000003,18.5,9.239999999999952,-22.42999999999995,-6.59499999999997,31.669999999999902,4.802122092172548,-11.880000000000052,-26.38999999999993,-19.13499999999999,0.0,0.9299999999999996,0.9299999999999996,21.93488890467643,15.88727375920543,20.64289393471756,9.572328217314734
2024-04-28 07:48:28,401.2,381.4,-0.15,19.27,391.3,782.5999999999999,19.80000000000001,0.0506005620991552,19.12,19.42,9.240000000000007,-25.07000000000005,-7.915000000000077,34.31000000000006,4.334806780188622,5.684341886080803e-14,-2.6400000000001,-1.3200000000001069,0.0,0.9199999999999982,0.9199999999999982,20.46548010117781,8.233484529646793,21.22514617146367,11.994105844121956
2024-04-28 07:48:29,391.96,409.11,-0.15,20.2,400.535,801.0699999999999,17.150000000000034,0.0428177311775058,20.05,20.35,-9.240000000000007,27.71000000000004,9.235000000000014,36.950000000000045,4.001082403781006,-18.480000000000015,52.780000000000086,17.15000000000009,0.0,0.9299999999999996,0.9299999999999996,19.9768069837004,5.834339508455993,21.554225339826026,9.74055054912198
2024-04-28 07:48:30,391.96,435.49,-0.15,21.12,413.725,827.45,43.53000000000003,0.105214816350922,20.97,21.27,0.0,26.379999999999995,13.190000000000056,26.379999999999995,1.9999998483699803,9.240000000000007,-1.330000000000041,3.955000000000041,0.0,0.9200000000000016,0.9200000000000016,19.72937435720675,8.311373683087986,15.31634845516382,10.47583851059192
2024-04-28 07:48:31,402.52,455.27,-0.15,22.05,428.895,857.79,52.75,0.1229904752375512,21.9,22.2,10.560000000000002,19.779999999999973,15.16999999999996,9.21999999999997,0.607778470153034,10.560000000000002,-6.600000000000023,1.9799999999999045,0.0,0.9299999999999996,0.9299999999999996,19.584245681084667,14.774600840629304,17.38321374199833,11.056084636977072
2024-04-28 07:48:32,409.11,465.82,-0.15,22.95,437.465,874.9300000000001,56.70999999999998,0.1296332275047529,22.8,23.1,6.590000000000032,10.550000000000011,8.57000000000005,3.95999999999998,0.4620769589175026,-3.9699999999999696,-9.22999999999996,-6.599999999999909,0.0,0.8999999999999986,0.8999999999999986,19.187060561971027,19.15986573543562,18.46733115531314,9.122360577175224
2024-04-28 07:48:33,423.62,444.72,-0.15,23.88,434.17,868.34,21.100000000000023,0.0485984751396953,23.73,24.03,14.509999999999993,-21.09999999999997,-3.295000000000016,35.60999999999996,10.807280483374598,7.919999999999959,-31.649999999999977,-11.865000000000066,0.0,0.9299999999999996,0.9299999999999996,18.29624870222298,15.48748833736168,18.153735703705703,7.178523002679604
2024-04-28 07:48:34,435.49,428.9,-0.15,24.8,432.195,864.39,6.590000000000032,0.0152477469307888,24.65,24.95,11.870000000000005,-15.82000000000005,-1.9750000000000227,27.69000000000005,14.02024606569806,-2.6399999999999864,5.279999999999916,1.3199999999999932,0.0,0.9200000000000016,0.9200000000000016,17.53326500879249,9.239985119030749,21.52343559936469,8.541610357537994
2024-04-28 07:48:35,428.9,438.13,-0.15,25.7,433.515,867.03,9.230000000000018,0.0212910740775035,25.55,25.85,-6.590000000000032,9.230000000000018,1.3199999999999932,15.82000000000005,11.984839405424792,-18.46000000000004,25.050000000000068,3.295000000000016,0.0,0.8999999999999986,0.8999999999999986,16.967318318304564,3.112951975200932,23.911277255721807,7.774075990109699
2024-04-28 07:48:36,430.22,472.41,-0.15,26.63,451.31500000000005,902.63,42.19,0.0934823790623347,26.48,26.78,1.32000000000005,34.28000000000003,17.800000000000068,32.95999999999998,1.8516852892311555,7.910000000000082,25.05000000000001,16.480000000000075,0.0,0.9299999999999996,0.9299999999999996,17.043617181132284,7.837386043822551,21.68200129139372,8.750052428414403
2024-04-28 07:48:37,428.9,492.17,-0.15,27.52,460.535,921.07,63.27000000000004,0.1373836947520087,27.37,27.67,-1.32000000000005,19.75999999999999,9.219999999999914,21.08000000000004,2.286333808423691,-2.6400000000001,-14.52000000000004,-8.580000000000155,0.0,0.8900000000000006,0.8900000000000006,16.82626902351958,12.83704619450677,23.992223323402104,8.830394526860081
2024-04-28 07:48:38,438.13,501.4,-0.15,28.42,469.765,939.53,63.26999999999998,0.134684363171619,28.270000000000003,28.57,9.230000000000018,9.22999999999996,9.230000000000018,5.684341886080803e-14,6.1585495885436964e-15,10.550000000000068,-10.53000000000003,0.0100000000001045,0.0,0.9000000000000021,0.9000000000000021,16.61708466158172,16.512970659451195,27.85256900179945,7.734395904012188
2024-04-28 07:48:39,463.18,484.27,-0.15,29.32,473.725,947.45,21.08999999999997,0.0445194996157696,29.17,29.47,25.05000000000001,-17.129999999999995,3.960000000000037,42.18000000000001,10.65151246173918,15.819999999999991,-26.35999999999996,-5.269999999999982,0.0,0.8999999999999986,0.8999999999999986,16.240143426803446,16.09393767851395,24.45394855641927,6.315004354709531
2024-04-28 07:48:40,479.0,465.82,-0.15,30.25,472.41,944.82,13.180000000000009,0.0278994940244713,30.1,30.4,15.819999999999991,-18.44999999999999,-1.3150000000000546,34.26999999999998,26.0608166837885,-9.230000000000018,-1.3199999999999932,-5.275000000000091,0.0,0.9299999999999996,0.9299999999999996,15.69468386396399,9.47947651507644,23.253399751434205,7.104363447910064
2024-04-28 07:48:41,467.13,476.36,-0.15,31.14,471.745,943.49,9.230000000000018,0.0195656551324006,30.99,31.29,-11.870000000000005,10.54000000000002,-0.6649999999999636,22.410000000000025,33.69919744481775,-27.69,28.99000000000001,0.650000000000091,0.0,0.8900000000000006,0.8900000000000006,15.222490634963192,5.2845936456726665,27.051612151589044,5.113153870166627
2024-04-28 07:48:42,468.45,502.71,-0.15,32.04,485.58,971.16,34.25999999999999,0.0705548002995287,31.89,32.19,1.3199999999999932,26.34999999999997,13.83499999999998,25.029999999999973,1.8091794861453216,13.189999999999998,15.809999999999944,14.499999999999943,0.0,0.8999999999999986,0.8999999999999986,15.226716361658314,6.277743424183683,21.80964075816013,6.500053269012499
2024-04-28 07:48:43,471.09,530.37,-0.15,32.94,500.73,1001.46,59.28000000000003,0.11838715451763,32.79,33.09,2.6399999999999864,27.660000000000025,15.150000000000034,25.02000000000004,1.6514850395059368,1.3199999999999932,1.3100000000000591,1.3150000000000546,0.0,0.8999999999999986,0.8999999999999986,15.270813806928524,12.474842984978988,20.221072424577294,7.858379763030048
2024-04-28 07:48:44,476.36,544.85,-0.15,33.84,510.605,1021.21,68.49000000000001,0.1341349964568796,33.690000000000005,33.99,5.270000000000039,14.480000000000018,9.875,9.20999999999998,0.932658133401706,2.6300000000000523,-13.180000000000009,-5.275000000000034,0.0,0.9000000000000057,0.9000000000000057,15.15598055339921,17.218735943729364,26.61779799307223,7.883367300842975
2024-04-28 07:48:45,494.81,518.52,-0.15,34.74,506.665,1013.33,23.70999999999998,0.0467962064741077,34.59,34.89,18.44999999999999,-26.33000000000004,-3.940000000000055,44.78000000000003,11.36547934886296,13.17999999999995,-40.81000000000006,-13.815000000000056,0.0,0.8999999999999986,0.8999999999999986,14.647730134497538,16.13948148175384,24.61423835912865,8.656358501125073
2024-04-28 07:48:46,506.66,501.4,-0.15,35.61,504.03,1008.06,5.260000000000048,0.0104358867320678,35.46,35.76,11.850000000000025,-17.120000000000005,-2.634999999999991,28.970000000000027,10.994303227968462,-6.599999999999966,9.210000000000036,1.3050000000000637,0.0,0.8699999999999974,0.8699999999999974,14.214043592384558,9.617900368576985,25.84752309216494,9.116577345692868
2024-04-28 07:48:47,506.66,509.3,-0.15,36.51,507.98,1015.96,2.6399999999999864,0.0051970549919345,36.36,36.66,0.0,7.900000000000034,3.9500000000000455,7.900000000000034,1.999999493671,-11.850000000000025,25.02000000000004,6.585000000000036,0.0,0.8999999999999986,0.8999999999999986,13.970846700471764,3.782275439450684,30.50165126677571,8.135653784423257
2024-04-28 07:48:48,501.4,540.9,-0.15,37.4,521.15,1042.3,39.5,0.0757939171528467,37.25,37.55,-5.260000000000048,31.59999999999997,13.16999999999996,36.860000000000014,2.798784905179592,-5.260000000000048,23.69999999999993,9.219999999999914,0.0,0.8900000000000006,0.8900000000000006,13.990603651258963,6.623727613653091,27.158329293238936,7.51063529270328
2024-04-28 07:48:49,498.76,561.96,-0.15,38.27,530.36,1060.72,63.200000000000045,0.1191643409775166,38.120000000000005,38.42,-2.6399999999999864,21.06000000000006,9.210000000000036,23.700000000000045,2.5732896228784288,2.6200000000000614,-10.539999999999909,-3.9599999999999222,0.0,0.8700000000000045,0.8700000000000045,13.912906245726488,11.27174321034103,25.21634430285248,7.387325632459976
2024-04-28 07:48:50,506.66,573.81,-0.15,39.17,540.235,1080.47,67.14999999999992,0.124297759078368,39.02,39.32,7.900000000000034,11.849999999999907,9.875,3.949999999999875,0.3999999594936623,10.54000000000002,-9.21000000000015,0.6649999999999636,0.0,0.8999999999999986,0.8999999999999986,13.845079091617656,15.122901672624408,30.737750405649383,6.183554196414868
2024-04-28 07:48:51,536.95,565.91,-0.15,40.04,551.4300000000001,1102.86,28.959999999999923,0.0525179985627947,39.89,40.19,30.29000000000002,-7.899999999999977,11.19500000000005,38.19,3.411344045435979,22.389999999999983,-19.749999999999886,1.32000000000005,0.0,0.8699999999999974,0.8699999999999974,13.823765008178368,16.785900482245836,26.423678774917025,3.4411898378322534
2024-04-28 07:48:52,550.12,546.17,-0.15,40.91,548.145,1096.29,3.9500000000000455,0.0072061224544489,40.76,41.06,13.16999999999996,-19.74000000000001,-3.285000000000082,32.90999999999997,10.018261790483214,-17.12000000000006,-11.840000000000032,-14.480000000000132,0.0,0.8699999999999974,0.8699999999999974,13.448110563098368,12.552138961143504,25.95945434711599,6.505044773097306
2024-04-28 07:48:53,546.17,539.59,-0.15,41.81,542.88,1085.76,6.579999999999927,0.0121205422706295,41.66,41.96,-3.9500000000000455,-6.579999999999927,-5.264999999999986,2.6299999999998818,0.4995250713152549,-17.120000000000005,13.160000000000082,-1.9799999999999045,0.0,0.9000000000000057,0.9000000000000057,13.031204679999886,8.127186628831291,30.132282854108485,7.933168030490758
2024-04-28 07:48:54,538.27,568.54,-0.15,42.68,553.405,1106.81,30.269999999999985,0.0546977348330829,42.53,42.83,-7.899999999999977,28.94999999999993,10.524999999999975,36.84999999999991,3.5011873158016797,-3.949999999999932,35.52999999999986,15.789999999999964,0.0,0.8699999999999974,0.8699999999999974,13.012108793507904,5.578076953561238,25.367825488204524,8.153470426756968
2024-04-28 07:48:55,538.27,597.49,-0.15,43.55,567.88,1135.76,59.22000000000003,0.1042825947307836,43.4,43.7,0.0,28.950000000000045,14.475000000000025,28.950000000000045,1.9999998618307524,7.899999999999977,1.1368683772161605e-13,3.9500000000000455,0.0,0.8699999999999974,0.8699999999999974,13.0847923252352,9.350283819213567,22.325398764635786,9.10070766479182
2024-04-28 07:48:56,548.8,610.64,-0.15,44.42,579.72,1159.44,61.84000000000003,0.1066721863888219,44.27,44.57,10.529999999999973,13.149999999999975,11.840000000000032,2.6200000000000045,0.2212837650942764,10.529999999999973,-15.800000000000068,-2.634999999999991,0.0,0.8700000000000045,0.8700000000000045,13.09509796487242,15.127773051571191,27.68859819492496,9.205073057830695
2024-04-28 07:48:57,567.23,610.64,-0.15,45.29,588.935,1177.87,43.40999999999997,0.0737093226354192,45.14,45.44,18.430000000000064,0.0,9.214999999999918,18.430000000000064,1.9999997829626093,7.900000000000091,-13.149999999999975,-2.6250000000001137,0.0,0.8699999999999974,0.8699999999999974,13.04685394224958,18.770754979484348,22.744465920306904,7.751749479956127
2024-04-28 07:48:58,583.02,583.02,-0.15,46.16,583.02,1166.04,0.0,0.0,46.01,46.31,15.789999999999964,-27.620000000000005,-5.914999999999964,43.40999999999997,7.338967482845773,-2.6400000000001,-27.620000000000005,-15.129999999999882,0.0,0.8699999999999974,0.8699999999999974,12.671592856518304,14.115497954370236,25.234705665016207,8.033467184223753
2024-04-28 07:48:59,584.33,572.49,-0.15,47.0,578.4100000000001,1156.8200000000002,11.840000000000032,0.020469908852769,46.85,47.15,1.3100000000000591,-10.529999999999973,-4.6099999999999,11.840000000000032,2.568329160883108,-14.479999999999905,17.090000000000032,1.3050000000000637,0.0,0.8400000000000034,0.8400000000000034,12.345997602006456,7.707581981388579,28.01233870993282,9.563168538721854
2024-04-28 07:49:00,575.12,594.86,-0.15,47.87,584.99,1169.98,19.74000000000001,0.0337441665092665,47.72,48.02,-9.210000000000036,22.370000000000005,6.579999999999927,31.58000000000004,4.799391367873712,-10.520000000000095,32.89999999999998,11.189999999999827,0.0,0.8699999999999974,0.8699999999999974,12.258801084266532,4.213374538279663,24.969867440577268,8.15608867656546
2024-04-28 07:49:01,569.86,623.79,-0.15,48.74,596.825,1193.65,53.92999999999995,0.090361496099591,48.59,48.89,-5.259999999999991,28.92999999999995,11.835000000000036,34.18999999999994,2.8888886447918205,3.9500000000000455,6.559999999999945,5.255000000000109,0.0,0.8700000000000045,0.8700000000000045,12.2828768824269,6.934568659968788,22.35314810043542,8.154798740618883
2024-04-28 07:49:02,579.07,642.19,-0.15,49.58,610.6300000000001,1221.2600000000002,63.120000000000005,0.1033686518786029,49.43,49.73,9.210000000000036,18.40000000000009,13.805000000000064,9.190000000000056,0.6657007848097956,14.470000000000027,-10.52999999999986,1.9700000000000275,0.0,0.8399999999999963,0.8399999999999963,12.353428841727116,13.012714935777986,27.405551992251493,9.165783790816793
2024-04-28 07:49:03,593.54,650.08,-0.15,50.45,621.81,1243.62,56.54000000000008,0.0909280968608931,50.3,50.6,14.469999999999914,7.889999999999986,11.179999999999836,6.579999999999927,0.5885509312566273,5.259999999999877,-10.510000000000105,-2.625000000000228,0.0,0.8700000000000045,0.8700000000000045,12.36202758723603,17.884500132791338,23.45345560892893,7.403602670322032
2024-04-28 07:49:04,613.27,638.25,-0.15,51.3,625.76,1251.52,24.980000000000015,0.0399194578753524,51.15,51.45,19.730000000000015,-11.83000000000004,3.9500000000000455,31.56000000000006,7.98987139496919,5.260000000000105,-19.720000000000027,-7.229999999999791,0.0,0.8499999999999943,0.8499999999999943,12.233821852711204,17.08355407986902,19.81897878297467,4.066080729646196
2024-04-28 07:49:05,626.42,626.42,-0.15,52.14,626.42,1252.84,0.0,0.0,51.99,52.29,13.149999999999975,-11.83000000000004,0.6599999999999682,24.980000000000015,37.848427502384425,-6.580000000000041,0.0,-3.2900000000000773,0.0,0.8400000000000034,0.8400000000000034,12.04885531739074,12.586600216095162,26.586379595574883,5.665394293427435
2024-04-28 07:49:06,609.32,617.21,-0.15,53.01,613.2650000000001,1226.5300000000002,7.889999999999986,0.0128655638054257,52.86,53.16,-17.09999999999991,-9.209999999999924,-13.15499999999986,7.889999999999986,0.5997719042362727,-30.249999999999886,2.6200000000001182,-13.814999999999827,0.0,0.8699999999999974,0.8699999999999974,11.60168347329392,7.244525174213024,28.34642093810084,10.613762645734957
2024-04-28 07:49:07,610.64,642.19,-0.15,53.85,626.415,1252.83,31.550000000000068,0.0503659713602549,53.7,54.0,1.3199999999999363,24.980000000000015,13.149999999999864,23.66000000000008,1.7992394069019713,18.419999999999845,34.18999999999994,26.304999999999723,0.0,0.8400000000000034,0.8400000000000034,11.665083581655798,5.630470007007034,22.091640274094686,10.454350529803255
2024-04-28 07:49:08,614.58,671.1,-0.15,54.69,642.84,1285.68,56.51999999999998,0.0879223444590841,54.54,54.84,3.940000000000055,28.909999999999968,16.425000000000068,24.969999999999917,1.5202434386457455,2.6200000000001182,3.92999999999995,3.2750000000002046,0.0,0.8399999999999963,0.8399999999999963,11.786578441756904,10.508972951711533,22.084319550305388,11.654860252272384
2024-04-28 07:49:09,621.16,680.29,-0.15,55.53,650.7249999999999,1301.4499999999998,59.13,0.0908678779962843,55.38,55.68,6.579999999999927,9.18999999999994,7.884999999999877,2.6100000000000136,0.3310082015208437,2.6399999999998727,-19.720000000000027,-8.540000000000191,0.0,0.8400000000000034,0.8400000000000034,11.75018035842939,14.84450765434142,27.10138501995793,11.765582539763958
2024-04-28 07:49:10,643.5,686.86,-0.15,56.38,665.1800000000001,1330.36,43.360000000000014,0.0651853632622968,56.23,56.53,22.340000000000032,6.57000000000005,14.455000000000156,15.769999999999982,1.090971906539461,15.760000000000105,-2.619999999999891,6.570000000000277,0.0,0.8500000000000014,0.8500000000000014,11.829628101909512,20.34662103396524,20.92923194959624,12.107950693655765
2024-04-28 07:49:11,657.96,663.22,-0.15,57.22,660.59,1321.18,5.259999999999991,0.0079625788946811,57.07,57.37,14.460000000000036,-23.639999999999983,-4.590000000000032,38.10000000000002,8.30065178635032,-7.8799999999999955,-30.21000000000004,-19.045000000000183,0.0,0.8399999999999963,0.8399999999999963,11.575083028297128,15.38677557189265,21.93702646212563,8.46995203646401
2024-04-28 07:49:12,643.5,644.82,-0.15,58.06,644.1600000000001,1288.3200000000002,1.32000000000005,0.0020491803246877,57.91,58.21,-14.460000000000036,-18.399999999999977,-16.42999999999995,3.939999999999941,0.2398052197318766,-28.920000000000076,5.240000000000009,-11.839999999999918,0.0,0.8400000000000034,0.8400000000000034,11.123467257408612,9.900180806419131,27.91217153859584,13.864855480674898
2024-04-28 07:49:13,638.25,661.9,-0.15,58.87,650.075,1300.15,23.649999999999977,0.0363804175881545,58.72,59.02,-5.25,17.079999999999927,5.914999999999964,22.329999999999927,3.775147290761247,9.210000000000036,35.479999999999905,22.344999999999917,0.0,0.8099999999999952,0.8099999999999952,11.070759348250013,8.533328336574732,24.70961007381541,12.110444149576027
2024-04-28 07:49:14,642.19,696.06,-0.15,59.72,669.125,1338.25,53.86999999999989,0.0805081261640078,59.57,59.87,3.940000000000055,34.15999999999997,19.049999999999955,30.219999999999917,1.5863516227636936,9.190000000000056,17.08000000000004,13.134999999999993,0.0,0.8500000000000014,0.8500000000000014,11.232583326631136,10.443011658510542,23.030353232202035,14.40605558437146
2024-04-28 07:49:15,648.76,710.5,-0.15,60.56,679.63,1359.26,61.74000000000001,0.0908435470905587,60.41,60.71,6.569999999999936,14.440000000000056,10.504999999999995,7.870000000000118,0.7491669919879229,2.6299999999998818,-19.719999999999917,-8.544999999999959,0.0,0.8400000000000034,0.8400000000000034,11.250289500905652,14.281093883165433,27.607407882667992,13.761333965135766
2024-04-28 07:49:16,681.61,719.69,-0.15,61.37,700.6500000000001,1401.3000000000002,38.08000000000004,0.0543495324993227,61.22,61.52,32.85000000000002,9.190000000000056,21.020000000000092,23.659999999999968,1.1255946181924472,26.280000000000086,-5.25,10.5150000000001,0.0,0.8099999999999952,0.8099999999999952,11.444789097602271,22.85577787999747,24.192337009888043,14.992242410660252
2024-04-28 07:49:17,690.8,703.93,-0.15,62.19,697.365,1394.73,13.129999999999995,0.0188280168651595,62.04,62.34,9.18999999999994,-15.760000000000105,-3.285000000000082,24.950000000000045,7.595127063888085,-23.66000000000008,-24.95000000000016,-24.305000000000177,0.0,0.8200000000000003,0.8200000000000003,11.240570418430522,20.85595280728683,20.2475067600927,9.933805539671145
2024-04-28 07:49:18,680.29,685.55,-0.15,63.0,682.92,1365.84,5.259999999999991,0.0077022198680632,62.85,63.15,-10.509999999999993,-18.379999999999995,-14.44500000000005,7.870000000000003,0.5448251613135906,-19.69999999999993,-2.619999999999891,-11.159999999999968,0.0,0.8100000000000023,0.8100000000000023,10.8658709488326,13.024932149526608,24.70652808469858,15.155761033349709
2024-04-28 07:49:19,671.1,696.06,-0.15,63.84,683.5799999999999,1367.16,24.959999999999923,0.0365136486782619,63.690000000000005,63.99,-9.18999999999994,10.509999999999993,0.6599999999999682,19.69999999999993,29.84843962357766,1.32000000000005,28.889999999999983,15.105000000000018,0.0,0.8400000000000034,0.8400000000000034,10.732924937463888,9.482737210308557,22.27919612553382,13.511947213484872
2024-04-28 07:49:20,676.35,728.88,-0.15,64.66,702.615,1405.23,52.52999999999997,0.0747635617304447,64.50999999999999,64.81,5.25,32.82000000000005,19.03500000000008,27.57000000000005,1.4483844786769349,14.43999999999994,22.31000000000006,18.375000000000117,0.0,0.8199999999999932,0.8199999999999932,10.891567030048568,9.47970687836753,18.99669102765007,15.152511590492262
2024-04-28 07:49:21,682.92,749.87,-0.15,65.47,716.395,1432.79,66.95000000000005,0.0934540301182253,65.32,65.62,6.569999999999936,20.99000000000001,13.779999999999973,14.420000000000073,1.0464440459764917,1.3199999999999363,-11.83000000000004,-5.255000000000109,0.0,0.8100000000000023,0.8100000000000023,10.967467682678084,14.011309271433836,26.27759368739842,13.439898344109652
2024-04-28 07:49:22,709.19,755.12,-0.15,66.28,732.155,1464.31,45.92999999999995,0.0627326180074811,66.13,66.43,26.270000000000092,5.25,15.759999999999993,21.020000000000092,1.3337562605484674,19.70000000000016,-15.740000000000007,1.9800000000000184,0.0,0.8100000000000023,0.8100000000000023,11.071450006480418,21.263293665370067,24.226628531432127,13.85299633653316
2024-04-28 07:49:23,714.44,724.94,-0.15,67.07,719.69,1439.38,10.5,0.0145896149528413,66.91999999999999,67.22,5.25,-30.17999999999995,-12.464999999999918,35.42999999999995,2.842358376064325,-21.020000000000092,-35.42999999999995,-28.22499999999991,0.0,0.789999999999992,0.789999999999992,10.754482804027456,18.53548576379284,22.443086463318743,13.095824429947118
2024-04-28 07:49:24,702.62,707.87,-0.15,67.88,705.245,1410.49,5.25,0.0074442215011177,67.72999999999999,68.03,-11.82000000000005,-17.07000000000005,-14.44500000000005,5.25,0.363447534548456,-17.07000000000005,13.1099999999999,-1.980000000000132,0.0,0.8100000000000023,0.8100000000000023,10.412593969989755,11.90107558163406,27.042982823645776,16.36121198139063
2024-04-28 07:49:25,694.74,730.19,-0.15,68.7,712.465,1424.93,35.450000000000045,0.0497568300902405,68.55,68.85000000000001,-7.8799999999999955,22.32000000000005,7.220000000000027,30.200000000000045,4.182824905425904,3.940000000000055,39.3900000000001,21.66500000000008,0.0,0.8200000000000074,0.8200000000000074,10.393362357500186,9.94788796678807,25.504573707474528,14.448392211592257
2024-04-28 07:49:26,703.93,722.31,-0.15,69.06,713.1199999999999,1426.2399999999998,18.379999999999995,0.025774063235116,68.91,69.21000000000001,9.18999999999994,-7.880000000000109,0.654999999999859,17.07000000000005,26.06102891446536,17.069999999999936,-30.20000000000016,-6.565000000000168,0.0,0.3599999999999994,0.3599999999999994,10.3485704491573,10.119654761886247,17.127406984129276,12.872685714333269
2024-04-28 07:49:27,731.5,719.69,-0.15,69.06,725.595,1451.19,11.809999999999944,0.0162762973610948,68.91,69.21000000000001,27.57000000000005,-2.619999999999891,12.475000000000136,30.18999999999994,2.4200398861691164,18.38000000000011,5.260000000000218,11.820000000000276,0.0,0.0,0.0,10.529603678281765,7.731787147857048,11.693471255363026,11.870241994163422
2024-04-28 07:49:28,751.18,718.38,-0.15,69.06,734.78,1469.56,32.799999999999955,0.0446392116760945,68.91,69.21000000000001,19.67999999999995,-1.3100000000000591,9.184999999999944,20.99000000000001,2.2852474376431897,-7.8900000000001,1.3099999999998315,-3.290000000000191,0.0,0.0,0.0,10.662893474635126,11.790914616761809,13.1061271930346,10.673140119009082
2024-04-28 07:49:29,736.75,713.12,-0.15,69.06,724.935,1449.87,23.629999999999995,0.0325960258056294,68.91,69.21000000000001,-14.42999999999995,-5.259999999999991,-9.845000000000027,9.16999999999996,0.93143718319581,-34.1099999999999,-3.949999999999932,-19.029999999999973,0.0,0.0,0.0,10.520025968364155,9.413780722949056,9.848894861861458,8.83079951080314
2024-04-28 07:49:30,726.25,713.12,-0.15,69.06,719.685,1439.37,13.129999999999995,0.0182440928764055,68.91,69.21000000000001,-10.5,0.0,-5.25,10.5,1.999999619047692,3.92999999999995,5.259999999999991,4.595000000000027,0.0,0.0,0.0,10.443839639474104,7.998587844098957,8.571782195086422,9.41381591067091
2024-04-28 07:49:31,730.19,714.44,-0.15,69.06,722.315,1444.63,15.75,0.0218048911876329,68.91,69.21000000000001,3.940000000000055,1.32000000000005,2.630000000000109,2.6200000000000045,0.9961973398488806,14.440000000000056,1.32000000000005,7.880000000000109,0.0,0.0,0.0,10.482005362327598,5.7095945565133706,8.770597471096288,9.413868360031426
2024-04-28 07:49:32,743.31,714.44,-0.15,69.06,728.875,1457.75,28.86999999999989,0.0396089863973807,68.91,69.21000000000001,13.11999999999989,0.0,6.559999999999945,13.11999999999989,1.9999996951219976,9.179999999999836,-1.32000000000005,3.929999999999836,0.0,0.0,0.0,10.577201994235931,5.913482053728332,8.377629736387261,8.010143101093757
2024-04-28 07:49:33,766.93,743.31,-0.15,69.76,755.1199999999999,1510.2399999999998,23.620000000000005,0.031279796547198,69.61,69.91000000000001,23.620000000000005,28.86999999999989,26.24499999999989,5.249999999999886,0.2000380948737593,10.500000000000114,28.86999999999989,19.684999999999945,0.0,0.7000000000000028,0.7000000000000028,10.84786652998324,14.345902899426202,6.426849928230801,13.968660726784044
2024-04-28 07:49:34,768.24,724.94,-0.15,70.58,746.59,1493.18,43.29999999999996,0.0579970264027149,70.42999999999999,70.73,1.3100000000000591,-18.36999999999989,-8.529999999999859,19.67999999999995,2.307150960474715,-22.309999999999945,-47.23999999999978,-34.77499999999975,0.0,0.8199999999999932,0.8199999999999932,10.600454201328212,15.580036344622709,12.022987565493027,13.649964468818144
2024-04-28 07:49:35,755.12,762.99,-0.15,71.42,759.0550000000001,1518.11,7.870000000000003,0.0103681551266138,71.27,71.57000000000001,-13.120000000000005,38.04999999999996,12.465000000000032,51.16999999999996,4.105093934609378,-14.430000000000064,56.419999999999845,20.99499999999989,0.0,0.8400000000000034,0.8400000000000034,10.650413769462416,16.148343336075158,13.458464622682628,12.814915821026595
2024-04-28 07:49:36,748.56,789.22,-0.15,72.26,768.89,1537.78,40.66000000000008,0.0528814264031508,72.11,72.41000000000001,-6.560000000000059,26.230000000000015,9.834999999999924,32.79000000000008,3.334010845550533,6.559999999999945,-11.819999999999936,-2.630000000000109,0.0,0.8400000000000034,0.8400000000000034,10.66273733653117,15.06968040469877,14.281030425007875,12.47850001001715
2024-04-28 07:49:37,753.81,795.78,-0.15,73.08,774.795,1549.59,41.97000000000003,0.0541691672582178,72.92999999999999,73.23,5.25,6.559999999999945,5.904999999999973,1.3099999999999454,0.2218458557415911,11.81000000000006,-19.670000000000076,-3.92999999999995,0.0,0.8199999999999932,0.8199999999999932,10.62381721344005,11.163547263292312,15.437264330184954,12.518028199361032
2024-04-28 07:49:38,780.04,777.42,-0.15,73.89,778.73,1557.46,2.6200000000000045,0.0033644523732687,73.74,74.04,26.230000000000015,-18.360000000000014,3.935000000000059,44.59000000000003,11.33163625625492,20.980000000000015,-24.91999999999996,-1.9699999999999136,0.0,0.8100000000000023,0.8100000000000023,10.560482634113336,12.961340883556812,20.225754126855215,8.119901169349234
2024-04-28 07:49:39,785.29,762.99,-0.15,74.7,774.14,1548.28,22.299999999999955,0.0288061590554599,74.55,74.85000000000001,5.25,-14.42999999999995,-4.590000000000032,19.67999999999995,4.287580765232908,-20.980000000000015,3.930000000000064,-8.525000000000091,0.0,0.8100000000000023,0.8100000000000023,10.384171557556384,7.600579418686586,18.14147540857693,6.552180934620178
2024-04-28 07:49:40,761.68,783.98,-0.15,75.55,772.8299999999999,1545.66,22.300000000000068,0.0288549874760879,75.39999999999999,75.7,-23.610000000000014,20.99000000000001,-1.3100000000000591,44.60000000000002,34.04577553757441,-28.860000000000014,35.41999999999996,3.2799999999999727,0.0,0.8499999999999943,0.8499999999999943,10.249734612072483,3.550699930966128,16.155157071350352,5.742702978563321
2024-04-28 07:49:41,765.62,821.99,-0.15,76.36,793.8050000000001,1587.61,56.370000000000005,0.0710124022007767,76.21,76.51,3.940000000000055,38.00999999999999,20.975000000000136,34.069999999999936,1.6243145828693746,27.550000000000068,17.019999999999982,22.2850000000002,0.0,0.8100000000000023,0.8100000000000023,10.416021382810376,8.639060278743488,20.633464808412587,9.860738182306712
2024-04-28 07:49:42,774.8,835.1,-0.15,77.17,804.95,1609.9,60.30000000000007,0.0749114850923517,77.02,77.32000000000001,9.17999999999995,13.110000000000014,11.144999999999982,3.930000000000064,0.3526244636496731,5.239999999999895,-24.899999999999977,-9.830000000000156,0.0,0.8100000000000023,0.8100000000000023,10.451181375601386,13.971690305749096,24.71398834668337,10.253844035287518
2024-04-28 07:49:43,807.58,810.2,-0.15,77.99,808.8900000000001,1617.7800000000002,2.6200000000000045,0.0032390065358219,77.83999999999999,78.14,32.780000000000086,-24.899999999999977,3.940000000000055,57.680000000000064,14.639590192997224,23.600000000000136,-38.00999999999999,-7.204999999999927,0.0,0.8199999999999932,0.8199999999999932,10.391700791473529,16.85898484487613,24.71398834668337,10.253588761989697
2024-04-28 07:49:44,795.78,780.04,-0.15,78.8,787.91,1575.82,15.740000000000007,0.0199769008897248,78.64999999999999,78.95,-11.800000000000068,-30.16000000000008,-20.98000000000013,18.360000000000014,0.8751191193937454,-44.58000000000016,-5.260000000000105,-24.920000000000183,0.0,0.8100000000000023,0.8100000000000023,10.017927399644917,14.373482354661384,25.56864838038963,15.681511167614012
2024-04-28 07:49:45,780.04,823.3,-0.15,79.62,801.67,1603.34,43.25999999999999,0.0539623535195749,79.47,79.77000000000001,-15.740000000000007,43.25999999999999,13.759999999999993,59.0,4.287790386061748,-3.939999999999941,73.42000000000007,34.74000000000012,0.0,0.8200000000000074,0.8200000000000074,10.08770592566118,8.504844207847706,25.40788106080476,16.146471208905144
2024-04-28 07:49:46,783.98,848.2,-0.15,80.4,816.09,1632.18,64.22000000000003,0.078692300997816,80.25,80.55000000000001,3.940000000000055,24.90000000000009,14.420000000000073,20.96000000000004,1.4535366537075782,19.680000000000064,-18.3599999999999,0.6600000000000819,0.0,0.7800000000000011,0.7800000000000011,10.169345667671706,10.431343154156169,27.1878561126103,14.8142227268258
2024-04-28 07:49:47,811.51,846.89,-0.15,81.22,829.2,1658.4,35.379999999999995,0.0426676314005455,81.07,81.37,27.529999999999973,-1.3100000000000591,13.110000000000014,28.840000000000032,2.1998472768995216,23.58999999999992,-26.21000000000015,-1.3100000000000591,0.0,0.8199999999999932,0.8199999999999932,10.22819772754166,15.46390700954194,23.997993249436515,15.060026560401615
2024-04-28 07:49:48,825.92,824.61,-0.15,82.03,825.265,1650.53,1.3099999999999454,0.0015873689038218,81.88,82.18,14.409999999999968,-22.279999999999973,-3.935000000000059,36.68999999999994,9.32401287826849,-13.120000000000005,-20.969999999999917,-17.045000000000073,0.0,0.8100000000000023,0.8100000000000023,10.07895688716467,17.143232483979205,24.405954601285348,15.58174091685529
2024-04-28 07:49:49,803.64,823.3,-0.15,82.82,813.47,1626.94,19.659999999999968,0.0241680700896553,82.66999999999999,82.97,-22.279999999999973,-1.3100000000000591,-11.79499999999996,20.969999999999917,1.7778718289214208,-36.68999999999994,20.969999999999917,-7.8599999999999,0.0,0.789999999999992,0.789999999999992,9.839966011370922,10.786003893924692,23.80944308462509,12.17671579285648
2024-04-28 07:49:50,801.02,815.44,-0.15,83.01,808.23,1616.46,14.420000000000073,0.0178414559991074,82.86,83.16000000000001,-2.6200000000000045,-7.8599999999999,-5.240000000000009,5.239999999999895,0.99999980916032,19.659999999999968,-6.549999999999841,6.55499999999995,0.0,0.1900000000000119,0.1900000000000119,9.754163531810724,8.614306704532748,24.12291897760305,11.760799611421008
2024-04-28 07:49:51,814.13,808.89,-0.15,83.01,811.51,1623.02,5.240000000000009,0.0064570984874405,82.86,83.16000000000001,13.110000000000014,-6.550000000000068,3.2799999999999727,19.66000000000008,5.993900611615742,15.730000000000018,1.3099999999998315,8.519999999999982,0.0,0.0,0.0,9.793748373234994,9.154684593133638,13.415160081042664,9.493406527690675
2024-04-28 07:49:52,844.27,811.51,-0.15,83.01,827.89,1655.78,32.75999999999999,0.0395704742905815,82.86,83.16000000000001,30.139999999999983,2.6200000000000045,16.379999999999995,27.519999999999985,1.6800975775276197,17.029999999999973,9.170000000000073,13.100000000000025,0.0,0.0,0.0,9.99143120937206,8.747050645775312,12.44613273270057,10.732933312939192
2024-04-28 07:49:53,816.75,808.89,-0.15,83.01,812.8199999999999,1625.64,7.860000000000014,0.0096700376348145,82.86,83.16000000000001,-27.519999999999985,-2.6200000000000045,-15.07000000000005,24.899999999999977,1.6522892068819302,-57.65999999999997,-5.240000000000009,-31.450000000000045,0.0,0.0,0.0,9.809558172706272,7.599755259201401,10.941047481845608,12.666606885823844
2024-04-28 07:49:54,807.58,808.89,-0.15,83.01,808.235,1616.47,1.3099999999999454,0.0016208157260934,82.86,83.16000000000001,-9.16999999999996,0.0,-4.584999999999923,9.16999999999996,1.999999563795104,18.350000000000023,2.6200000000000045,10.485000000000127,0.0,0.0,0.0,9.754223874556796,8.165581424476754,12.383877421874,11.717150677532494
2024-04-28 07:49:55,804.95,806.27,-0.15,83.01,805.61,1611.22,1.3199999999999363,0.0016385099469488,82.86,83.16000000000001,-2.6299999999999955,-2.6200000000000045,-2.625,0.0099999999999909,0.0038095223582737,6.539999999999964,-2.6200000000000045,1.9599999999999227,0.0,0.0,0.0,9.722543932868165,8.675469439734085,13.187657866353703,11.540230391980923
2024-04-28 07:49:56,818.06,802.33,-0.15,83.01,810.1949999999999,1620.39,15.729999999999905,0.0194150790619354,82.86,83.16000000000001,13.1099999999999,-3.939999999999941,4.584999999999923,17.04999999999984,3.7186469534030913,15.739999999999895,-1.3199999999999363,7.209999999999923,0.0,0.0,0.0,9.777878231017642,8.75952838340971,13.135453170713248,11.661888033247449
2024-04-28 07:49:57,849.51,806.27,-0.15,83.01,827.89,1655.78,43.24000000000001,0.0522291608157736,82.86,83.16000000000001,31.450000000000045,3.939999999999941,17.69500000000005,27.510000000000105,1.5546763744178385,18.340000000000146,7.879999999999882,13.110000000000127,0.0,0.0,0.0,9.99143120937206,8.75952838340971,17.445846783690413,12.136237060967478
2024-04-28 07:49:58,859.99,818.06,-0.15,83.29,839.025,1678.05,41.930000000000064,0.0499746729239598,83.14,83.44000000000001,10.480000000000018,11.789999999999964,11.134999999999993,1.3099999999999454,0.1176470482580061,-20.970000000000027,7.850000000000023,-6.560000000000059,0.0,0.2800000000000011,0.2800000000000011,10.091712652252674,14.57279717486512,20.82679596097303,9.336700702068155
2024-04-28 07:49:59,836.41,856.06,-0.15,84.11,846.2349999999999,1692.4699999999998,19.649999999999977,0.0232205001882213,83.96,84.26,-23.58000000000004,38.0,7.209999999999923,61.58000000000004,8.540914210691607,-34.06000000000006,26.21000000000004,-3.925000000000068,0.0,0.8199999999999932,0.8199999999999932,10.07902560649088,17.66359016450936,17.976796989452883,7.553115251338383
2024-04-28 07:50:00,833.79,883.56,-0.15,84.92,858.675,1717.35,49.76999999999998,0.0579613939407093,84.77,85.07000000000001,-2.6200000000000045,27.5,12.440000000000056,30.120000000000005,2.4212216703197917,20.96000000000004,-10.5,5.230000000000132,0.0,0.8100000000000023,0.8100000000000023,10.129467852666416,18.431735675181205,15.30237171160084,5.041882832831473
2024-04-28 07:50:01,869.15,870.46,-0.15,85.73,869.8050000000001,1739.61,1.3100000000000591,0.0015060846954133,85.58,85.88000000000001,35.360000000000014,-13.099999999999907,11.13000000000011,48.45999999999992,4.353997811859985,37.98000000000002,-40.59999999999991,-1.3099999999999454,0.0,0.8100000000000023,0.8100000000000023,10.163647929847537,16.40853604072415,20.19747508972347,3.7764212556334926
2024-04-28 07:50:02,883.56,841.65,-0.15,86.52,862.605,1725.21,41.90999999999997,0.0485853895484197,86.36999999999999,86.67,14.409999999999968,-28.81000000000006,-7.2000000000000455,43.22000000000003,6.002776944058724,-20.950000000000045,-15.71000000000015,-18.330000000000155,0.0,0.789999999999992,0.789999999999992,9.98732187116682,12.471905628240656,20.006795845412125,8.145805362270865
2024-04-28 07:50:03,850.82,866.53,-0.15,87.33,858.675,1717.35,15.709999999999924,0.0182956298735893,87.17999999999999,87.48,-32.739999999999895,24.879999999999995,-3.930000000000064,57.61999999999989,14.661573877461851,-47.14999999999986,53.690000000000055,3.269999999999982,0.0,0.8100000000000023,0.8100000000000023,9.849449302025128,8.554275539152313,19.83304817722177,8.95370035236835
2024-04-28 07:50:04,846.89,896.65,-0.15,88.15,871.77,1743.54,49.75999999999999,0.0570792754315022,88.0,88.30000000000001,-3.930000000000064,30.120000000000005,13.095000000000027,34.05000000000007,2.6002288965079114,28.80999999999983,5.240000000000009,17.02500000000009,0.0,0.8200000000000074,0.8200000000000074,9.906477160153669,6.169684351710235,22.00093452560595,9.835994865797833
2024-04-28 07:50:05,874.39,908.43,-0.15,88.93,891.41,1782.82,34.039999999999964,0.0381866929491628,88.78,89.08000000000001,27.5,11.779999999999973,19.639999999999983,15.720000000000027,0.8004072912216266,31.430000000000064,-18.340000000000032,6.544999999999959,0.0,0.7800000000000011,0.7800000000000011,10.040662198235388,12.65763238128428,19.78242224804637,11.554808306501714
2024-04-28 07:50:06,894.03,882.25,-0.15,89.72,888.14,1776.28,11.779999999999973,0.0132636746309549,89.57,89.87,19.639999999999983,-26.17999999999995,-3.269999999999982,45.819999999999936,14.012228130817144,-7.860000000000014,-37.95999999999992,-22.909999999999968,0.0,0.789999999999992,0.789999999999992,9.9155966292777,14.75949059079399,16.452597059431106,11.915871558555864
2024-04-28 07:50:07,867.84,877.01,-0.15,90.51,872.425,1744.85,9.16999999999996,0.0105109321597719,90.36,90.66,-26.18999999999994,-5.240000000000009,-15.715000000000032,20.94999999999993,1.3331211369315148,-45.82999999999993,20.93999999999994,-12.44500000000005,0.0,0.7900000000000063,0.7900000000000063,9.654991039674734,13.36511849927776,17.337230747729034,14.239216709496368
2024-04-28 07:50:08,870.46,913.66,-0.15,91.32,892.06,1784.12,43.19999999999993,0.0484272357818674,91.17,91.47,2.6200000000000045,36.64999999999998,19.63499999999999,34.02999999999997,1.7331295272152003,28.809999999999945,41.88999999999999,35.35000000000002,0.0,0.8099999999999881,0.8099999999999881,9.78457815307033,10.210842521542316,18.34418163887396,15.63237290049084
2024-04-28 07:50:09,891.41,931.98,-0.15,92.11,911.695,1823.39,40.57000000000005,0.0444995310443739,91.96,92.26,20.94999999999993,18.32000000000005,19.63499999999999,2.6299999999998818,0.133944480063937,18.329999999999927,-18.329999999999927,0.0,0.0,0.7900000000000063,0.7900000000000063,9.914038604675529,13.988194754854414,16.146797515296985,16.55029493694902
2024-04-28 07:50:10,909.73,916.28,-0.15,92.89,913.005,1826.01,6.5499999999999545,0.007174111853523,92.74,93.04,18.32000000000005,-15.700000000000044,1.3100000000000591,34.020000000000095,25.96944582484942,-2.6299999999998818,-34.020000000000095,-18.32499999999993,0.0,0.7800000000000011,0.7800000000000011,9.844781002320673,17.08183062495754,18.03969317920904,15.306598822076712
2024-04-28 07:50:11,883.56,894.03,-0.15,93.68,888.795,1777.59,10.470000000000027,0.01177999424864,93.53,93.83,-26.170000000000076,-22.25,-24.21000000000004,3.9200000000000728,0.1619165567155518,-44.49000000000012,-6.5499999999999545,-25.520000000000092,0.0,0.7900000000000063,0.7900000000000063,9.502779755129051,17.013988509451195,18.2382625268966,20.03610534759689
2024-04-28 07:50:12,884.87,890.1,-0.15,94.01,887.485,1774.97,5.230000000000018,0.0058930573408079,93.86,94.16,1.3100000000000591,-3.92999999999995,-1.3099999999999454,5.240000000000009,3.99999694656739,27.48000000000013,18.32000000000005,22.90000000000009,0.0,0.3299999999999983,0.3299999999999983,9.45541221547611,12.663289264631734,18.9999547367882,18.13327073365421
2024-04-28 07:50:13,907.12,894.03,-0.15,94.01,900.575,1801.15,13.090000000000032,0.0145351580773004,93.86,94.16,22.25,3.92999999999995,13.090000000000032,18.32000000000005,1.3995415279189058,20.93999999999994,7.8599999999999,14.399999999999975,0.0,0.0,0.0,9.594875244034997,12.12360631164415,14.531721164404486,16.82213259369931
2024-04-28 07:50:14,926.74,892.72,-0.15,94.01,909.73,1819.46,34.01999999999998,0.0373957107741904,93.86,94.16,19.620000000000005,-1.3099999999999454,9.154999999999973,20.92999999999995,2.286182164261917,-2.6299999999999955,-5.239999999999895,-3.935000000000059,0.0,0.0,0.0,9.692414130700897,11.686286621495212,11.687844968171012,14.525375898750458
2024-04-28 07:50:15,900.57,886.17,-0.15,94.01,893.37,1786.74,14.400000000000093,0.0161187413769002,93.86,94.16,-26.16999999999996,-6.550000000000068,-16.360000000000014,19.61999999999989,1.19926643036268,-45.78999999999997,-5.240000000000123,-25.514999999999983,0.0,0.0,0.0,9.518111980416451,9.230076787315316,10.963182475905445,16.074399522221682
2024-04-28 07:50:16,894.03,888.79,-0.15,94.01,891.41,1782.82,5.240000000000009,0.0058783275867689,93.86,94.16,-6.540000000000077,2.6200000000000045,-1.9600000000000364,9.160000000000082,4.6734670033331165,19.62999999999988,9.170000000000073,14.399999999999975,0.0,0.0,0.0,9.497229815712446,8.783689002904028,11.775556462435237,11.478259667737104
2024-04-28 07:50:17,890.1,883.56,-0.15,94.01,886.8299999999999,1773.66,6.540000000000077,0.0073745813657921,93.86,94.16,-3.92999999999995,-5.230000000000018,-4.580000000000041,1.3000000000000682,0.2838427327854418,2.6100000000001278,-7.850000000000023,-2.6200000000000045,0.0,0.0,0.0,9.448433736965333,8.95522166111692,11.532702198530924,11.699828203866945
2024-04-28 07:50:18,909.73,886.17,-0.15,94.01,897.95,1795.9,23.56000000000006,0.0262375410365415,93.86,94.16,19.629999999999995,2.6100000000000136,11.120000000000118,17.019999999999982,1.5305754019266546,23.559999999999945,7.840000000000032,15.70000000000016,0.0,0.0,0.0,9.566908059163564,8.721933271914978,12.11275856277174,11.164205076941254
2024-04-28 07:50:19,945.06,878.32,-0.15,94.01,911.69,1823.38,66.7399999999999,0.0732047076602739,93.86,94.16,35.32999999999993,-7.849999999999909,13.740000000000007,43.17999999999984,3.142648970695112,15.699999999999932,-10.459999999999924,2.619999999999891,0.0,0.0,0.0,9.713296295404898,9.50973185740472,25.364208641311823,12.28964279383258
2024-04-28 07:50:20,926.74,886.17,-0.15,94.01,906.455,1812.91,40.57000000000005,0.0447567722117957,93.86,94.16,-18.319999999999936,7.849999999999909,-5.235000000000127,26.169999999999845,4.999043935235009,-53.64999999999986,15.699999999999818,-18.975000000000136,0.0,0.0,0.0,9.65752173814701,10.28766470097752,25.76650344924584,9.088753764955976
2024-04-28 07:50:21,911.04,903.19,-0.15,94.35,907.115,1814.23,7.849999999999909,0.0086538090444387,94.2,94.5,-15.700000000000044,17.020000000000095,0.6600000000000819,32.72000000000014,49.57568246108124,2.619999999999891,9.170000000000186,5.895000000000209,0.0,0.3399999999999892,0.3399999999999892,9.629670810725363,9.82900592632541,25.19685833591162,8.830767520436785
2024-04-28 07:50:22,921.51,946.37,-0.15,95.14,933.94,1867.88,24.860000000000014,0.0266184122892065,94.99,95.29,10.470000000000027,43.17999999999995,26.825000000000045,32.70999999999992,1.2193848566864869,26.170000000000076,26.15999999999985,26.164999999999964,0.0,0.7900000000000063,0.7900000000000063,9.83198221042234,13.5263442030633,22.26648220981482,12.409603438466569
2024-04-28 07:50:23,959.44,962.06,-0.15,95.92,960.75,1921.5,2.619999999999891,0.0027270361668205,95.77,96.07,37.930000000000064,15.68999999999994,26.809999999999945,22.240000000000123,0.8295411850227148,27.46000000000004,-27.49000000000001,-0.0150000000001,0.0,0.7800000000000011,0.7800000000000011,10.031847029008594,23.41917990664385,26.064463738968453,14.715783618278737
