time,force_left,force_right,force_left_filt,force_right_filt,force_avg,force_diff,dis_left,dis_right,total_delta_dis,dis_diff,force_rate,force_acc,stiffness_ratio,force_std_5s
2024-07-05 08:27:56,323.26,302.26,323.26,302.26,312.76,21.0,0.71,8.38,9.09,7.670000000000001,0.0,0.0,34.40703691891783,0.0
2024-07-05 08:27:57,332.38,310.0,325.53999999999996,304.195,314.86749999999995,21.34499999999997,1.33,9.02,10.35,7.6899999999999995,2.107499999999959,2.107499999999959,30.42197773700698,0.0
2024-07-05 08:27:58,335.43,320.88,328.0125,308.36625000000004,318.18937500000004,19.646249999999952,1.95,9.67,11.62,7.72,3.321875000000091,1.2143750000001319,27.38290426997382,0.0
2024-07-05 08:27:59,347.64,327.11,332.91937499999995,313.05218750000006,322.98578125,19.867187499999886,2.57,10.29,12.86,7.719999999999999,4.796406249999961,1.4745312499998704,25.11553313642822,0.0
2024-07-05 08:28:00,356.83,336.47,338.89703124999994,318.906640625,328.9018359375,19.990390624999918,3.2,10.94,14.14,7.739999999999999,5.9160546874999795,1.1196484375000182,23.260382791875333,6.502734437300081
2024-07-05 08:28:01,366.04,347.42,345.6827734375,326.03498046875,335.858876953125,19.647792968749968,3.82,11.58,15.4,7.76,6.957041015625009,1.0409863281250296,21.809016567799247,8.407235523133918
2024-07-05 08:28:02,372.19,353.69,352.309580078125,332.9487353515625,342.62915771484376,19.360844726562505,4.44,12.2,16.64,7.759999999999999,6.770280761718766,-0.18676025390624318,20.590693336787883,9.789105245434742
2024-07-05 08:28:03,386.07,369.42,360.74968505859374,342.06655151367187,351.4081182861328,18.683133544921873,5.06,12.85,17.91,7.79,8.77896057128902,2.0086798095702534,19.620776028216454,11.185852810464358
2024-07-05 08:28:04,393.81,378.88,369.0147637939453,351.26991363525394,360.14233871459965,17.74485015869135,5.69,13.49,19.18,7.8,8.73422042846687,-0.044740142822149664,18.776971842420636,12.362669469971456
2024-07-05 08:28:05,398.45,388.37,376.37357284545897,360.54493522644043,368.4592540359497,15.828637619018536,6.31,14.12,20.43,7.81,8.316915321350052,-0.41730510711681745,18.035204894799058,13.090571338567065
2024-07-05 08:28:06,410.88,396.3,385.00017963409425,369.4837014198303,377.24194052696225,15.516478214263941,6.93,14.76,21.689999999999998,7.83,8.782686491012555,0.46577116966250287,17.39243536812019,13.642099399331316
2024-07-05 08:28:07,417.11,402.65,393.0276347255707,377.77527606487274,385.4014553952217,15.25235866069795,7.56,15.38,22.94,7.820000000000001,8.159514868259464,-0.623171622753091,16.80041144702747,13.454187203444649
2024-07-05 08:28:08,426.47,416.98,401.388226044178,387.57645704865456,394.48234154641625,13.811768995523437,8.18,16.03,24.21,7.850000000000001,9.080886151194534,0.9213712829350698,16.29418939497013,13.539705847139256
2024-07-05 08:28:09,431.16,421.77,408.8311695331335,396.12484278649094,402.47800615981225,12.70632674664256,8.8,16.65,25.45,7.849999999999998,7.995664613396002,-1.0852215377985317,15.814459345593434,13.485770647758171
2024-07-05 08:28:10,440.55,432.97,416.7608771498501,405.3361320898682,411.04850461985916,11.424745059981888,9.4,17.3,26.700000000000003,7.9,8.570498460046906,0.574833846650904,15.395074502800922,13.392565033007505
2024-07-05 08:28:11,454.69,445.8,426.2431578623876,415.45209906740115,420.84762846489434,10.79105879498644,10.02,17.92,27.94,7.900000000000002,9.799123845035183,1.228625384988277,15.062548797506997,13.83598471381367
2024-07-05 08:28:12,464.15,458.68,435.71986839679073,426.2590743005509,430.9894713486708,9.460794096239852,10.65,18.56,29.21,7.909999999999998,10.141842883776462,0.3427190387412793,14.754859862848713,14.468222707485415
2024-07-05 08:28:13,467.3,468.37,443.614901297593,436.78680572541316,440.20085351150306,6.828095572179848,11.25,19.19,30.44,7.940000000000001,9.211382162832251,-0.9304607209442111,14.461262780888314,15.087398074657129
2024-07-05 08:28:14,479.96,474.84,452.7011759731948,446.30010429405985,449.5006401336273,6.40107167913493,11.87,19.83,31.699999999999996,7.959999999999999,9.299786622124259,0.08840445929200769,14.179830471728609,15.22249895796323
2024-07-05 08:28:15,487.89,486.18,461.49838197989607,456.2700782205449,458.8842301002205,5.228303759351149,12.49,20.45,32.94,7.959999999999999,9.383589966593206,0.08380334446894722,13.93091123768395,14.957304717116136
2024-07-05 08:28:16,495.83,497.56,470.08128648492203,466.59255866540866,468.3369225751653,3.4887278195133717,13.09,21.1,34.19,8.010000000000002,9.452692474944797,0.06910250835159104,13.698066945805746,14.764596635686045
2024-07-05 08:28:17,502.2,507.34,478.11096486369155,476.7794189990565,477.445191931374,1.3315458646350748,13.72,21.72,35.44,7.999999999999998,9.108269356208666,-0.3444231187361311,13.471929414769882,14.756205915658756
2024-07-05 08:28:18,510.18,515.51,486.12822364776866,486.4620642492924,486.2951439485305,0.3338406015237183,14.34,22.37,36.71,8.030000000000001,8.849952017156511,-0.25831733905215515,13.24693900031576,14.571533235095293
2024-07-05 08:28:19,521.37,523.69,494.93866773582647,495.7690481869693,495.3538579613979,0.8303804511428439,14.94,22.99,37.93,8.049999999999999,9.058714012867426,0.20876199571091547,13.059684811540025,14.373117278321834
2024-07-05 08:28:20,534.2,540.1,504.75400080186984,506.851786140227,505.8028934710484,2.0977853383571414,15.56,23.61,39.17,8.049999999999999,10.449035509650457,1.3903214967830309,12.913017119173634,14.686844791805925
2024-07-05 08:28:21,543.85,548.34,514.5280006014024,517.2238396051703,515.8759201032863,2.695839003767901,16.16,24.26,40.42,8.100000000000001,10.073026632237884,-0.3760088774125734,12.762887366165238,15.247229627390405
2024-07-05 08:28:22,547.07,561.54,522.6635004510518,528.3028797038777,525.4831900774648,5.639379252825847,16.78,24.88,41.66,8.099999999999998,9.607269974178507,-0.4657566580593766,12.6136144374424,15.640542631454583
2024-07-05 08:28:23,558.37,569.81,531.5901253382889,538.6796597779082,535.1348925580985,7.089534439619342,17.39,25.5,42.89,8.11,9.65170248063373,0.04443250645522312,12.476914900470591,15.694192990756287
2024-07-05 08:28:24,569.69,581.43,541.1150940037166,549.3672448334312,545.2411694185739,8.252150829714537,18.01,26.15,44.16,8.139999999999997,10.106276860475418,0.4545743798416879,12.346946491658231,15.517279375468883
2024-07-05 08:28:25,577.81,593.07,550.2888205027875,560.2929336250734,555.2908770639305,10.004113122285844,18.61,26.77,45.379999999999995,8.16,10.049707645356534,-0.05656921511888413,12.236466831808368,15.58924763253507
2024-07-05 08:28:26,582.68,596.4,558.3866153770906,569.319700218805,563.8531577979478,10.93308484171439,19.23,27.39,46.620000000000005,8.16,8.56228073401735,-1.4874269113391847,12.094662069997549,15.326676781186165
2024-07-05 08:28:27,595.71,611.43,567.717461532818,579.8472751641037,573.7823683484609,12.129813631285742,19.83,28.02,47.849999999999994,8.190000000000001,9.929210550513062,1.3669298164957127,11.991271815197265,15.170047102318145
2024-07-05 08:28:28,603.87,624.83,576.7555961496134,591.0929563730778,583.9242762613455,14.337360223464316,20.45,28.66,49.11,8.21,10.141907912884676,0.21269736237161396,11.890129594201099,15.162127641085196
2024-07-05 08:28:29,612.05,633.23,585.5791971122101,601.6272172798083,593.6032071960092,16.048020167598224,21.05,29.28,50.33,8.23,9.67893093466364,-0.462976978221036,11.794222042554882,15.295202191423384
2024-07-05 08:28:30,623.53,646.7,595.0668978341575,612.8954129598562,603.9811553970069,17.828515125698686,21.66,29.91,51.57,8.25,10.377948200997707,0.6990172663340672,11.711870150962513,15.824211276596435
2024-07-05 08:28:31,628.46,656.83,603.4151733756182,623.8790597198922,613.6471165477552,20.463886344273988,22.28,30.53,52.81,8.25,9.66596115074833,-0.7119870502493768,11.619903520694029,15.778445887119668
2024-07-05 08:28:32,639.98,668.67,612.5563800317136,635.0767947899192,623.8165874108164,22.52041475820556,22.88,31.15,54.03,8.27,10.169470863061179,0.503509712312848,11.545744509810696,15.785128426757629
2024-07-05 08:28:33,651.54,678.85,622.3022850237852,646.0200960924394,634.1611905581124,23.717811068654214,23.48,31.77,55.25,8.29,10.34460314729597,0.17513228423479177,11.47803039058972,15.962807309884797
2024-07-05 08:28:34,658.16,690.76,631.2667137678388,657.2050720693296,644.2358929185842,25.93835830149078,24.1,32.4,56.5,8.299999999999997,10.07470236047186,-0.2699007868241097,11.402404982587244,15.974245948946825
2024-07-05 08:28:35,664.79,700.99,639.6475353258791,668.1513040519972,653.8994196889381,28.503768726118096,24.7,33.02,57.72,8.320000000000004,9.663526770353883,-0.41117559011797766,11.32881857865765,15.958670424342492
2024-07-05 08:28:36,671.43,707.83,647.5931514944093,678.0709780389979,662.8320647667035,30.477826544588538,25.3,33.64,58.94,8.34,8.932645077765414,-0.7308816925884685,11.245878071272914,15.464884371968541
2024-07-05 08:28:37,679.74,724.96,655.629863620807,689.7932335292484,672.7115485750277,34.16336990844138,25.9,34.26,60.16,8.36,9.879483808324153,0.9468387305587385,11.182040182729182,15.133742616639406
2024-07-05 08:28:38,694.74,728.39,665.4073977156052,699.4424251469362,682.4249114312706,34.03502743133106,26.53,34.89,61.42,8.36,9.713362856242952,-0.1661209520812008,11.110792906552877,15.052725228751841
2024-07-05 08:28:39,703.1,745.6,674.8305482867039,710.9818188602021,692.9061835734531,36.15127057349821,27.13,35.51,62.64,8.379999999999999,10.481272142182434,0.7679092859394814,11.061720506253712,15.438403217878912
2024-07-05 08:28:40,709.8,757.68,683.572911215028,722.6563641451515,703.1146376800898,39.0834529301236,27.73,36.13,63.86,8.400000000000002,10.208454106636736,-0.27281803554569706,11.01025096570371,15.933105542095403
2024-07-05 08:28:41,721.55,769.8,693.0671834112709,734.4422731088637,713.7547282600673,41.375089697592784,28.33,36.76,65.09,8.43,10.640090579977482,0.4316364733407454,10.965658584950203,16.252120269876265
2024-07-05 08:28:42,733.33,775.0,703.1328875584531,744.5817048316478,723.8572961950505,41.44881727319466,28.93,37.36,66.28999999999999,8.43,10.102567934983199,-0.5375226449942829,10.919554763546476,16.398931031812783
2024-07-05 08:28:43,733.33,788.9,710.6821656688398,755.6612786237359,733.171722146288,44.979112954896095,29.53,37.98,67.50999999999999,8.449999999999996,9.314425951237467,-0.7881419837457315,10.860194212503242,16.017017696127162
2024-07-05 08:28:44,750.21,804.59,720.5641242516299,767.893458967802,744.2287916097159,47.32933471617207,30.13,38.6,68.73,8.470000000000002,11.057069463427979,1.7426435121905115,10.828295952006693,16.0764371031411
2024-07-05 08:28:45,758.67,815.08,730.0905931887224,779.6900942258515,754.890343707287,49.599501037129016,30.73,39.22,69.95,8.489999999999998,10.661552097571075,-0.3955173658569038,10.791856081707376,16.23625775942077
2024-07-05 08:28:46,768.85,827.34,739.7804448915418,791.6025706693886,765.6915077804651,51.822125777846736,31.33,39.82,71.15,8.490000000000002,10.801164073178143,0.1396119756070675,10.761651398718394,16.669408271316524
2024-07-05 08:28:47,779.06,836.12,749.6003336686564,802.7319280020414,776.1661308353489,53.13159433338501,31.93,40.45,72.38,8.520000000000003,10.47462305488375,-0.3265410182943924,10.723488810608734,16.990240508320866
2024-07-05 08:28:48,785.87,844.92,758.6677502514923,813.278946001531,785.9733481265116,54.611195750038746,32.53,41.07,73.6,8.54,9.807217291162715,-0.6674057637210353,10.678985563145735,16.567510718415413
2024-07-05 08:28:49,797.83,859.03,768.4583126886192,824.7167095011482,796.5875110948837,56.258396812528986,33.13,41.69,74.82,8.559999999999995,10.614162968372057,0.8069456772093417,10.646718797756815,16.394571861017592
2024-07-05 08:28:50,801.25,869.64,776.6562345164645,835.9475321258611,806.3018833211628,59.29129760939668,33.73,42.29,76.02,8.560000000000002,9.714372226279124,-0.8997907420929323,10.60644399782582,16.07248127288698
2024-07-05 08:28:51,818.39,880.27,787.0896758873483,847.0281490943959,817.0589124908721,59.93847320704754,34.33,42.92,77.25,8.590000000000003,10.757029169709313,1.0426569434301882,10.57681426425965,16.14772513710749
2024-07-05 08:28:52,825.26,889.15,796.6322569155113,857.558611820797,827.0954343681542,60.92635490528562,34.93,43.52,78.45,8.590000000000003,10.036521877282098,-0.7205072924272145,10.54296270012991,16.242299692174658
2024-07-05 08:28:53,839.05,903.39,807.2366926866334,869.0164588655977,838.1265757761155,61.77976617896422,35.53,44.14,79.67,8.61,11.031141407961286,0.9946195306791878,10.519976970705894,16.426861172969108
2024-07-05 08:28:54,844.22,914.1,816.4825195149751,880.2873441491982,848.3849318320867,63.80482463422311,36.13,44.74,80.87,8.61,10.258356055971262,-0.7727853519900236,10.49072488365725,16.64022207031998
2024-07-05 08:28:55,851.14,924.83,825.1468896362313,891.4230081118986,858.284948874065,66.27611847566732,36.71,45.36,82.07,8.649999999999999,9.90001704197823,-0.3583390139930316,10.457961964373133,16.40549082142148
2024-07-05 08:28:56,859.8,928.41,833.8101672271735,900.669756083924,867.2399616555488,66.85958885675052,37.31,45.96,83.27000000000001,8.649999999999999,8.955012781483788,-0.9450042604944429,10.41479465882976,15.893702404663781
2024-07-05 08:28:57,871.94,948.16,843.3426254203802,912.542317062943,877.9424712416616,69.19969164256281,37.91,46.59,84.5,8.680000000000007,10.702509586112797,1.7474968046290087,10.389851607713728,15.576927518021158
2024-07-05 08:28:58,878.9,955.36,852.2319690652852,923.2467377972073,887.7393534312462,71.01476873192212,38.51,47.19,85.69999999999999,8.68,9.796882189584608,-0.9056273965281889,10.358685450088224,15.557733101340908
2024-07-05 08:28:59,896.34,964.37,863.2589767989639,933.5275533479055,898.3932650734347,70.26857654894161,39.09,47.79,86.88,8.699999999999996,10.653911642188518,0.8570294526039106,10.340622176943056,15.93089169891007
2024-07-05 08:29:00,905.08,978.83,873.7142325992229,944.8531650109292,909.283698805076,71.13893241170626,39.69,48.39,88.08,8.700000000000003,10.890433731641338,0.23652208945281927,10.323384292480606,16.531372498771617
2024-07-05 08:29:01,910.33,991.51,882.8681744494172,956.517373758197,919.6927741038071,73.64919930877977,40.29,49.01,89.3,8.719999999999999,10.409075298731068,-0.4813584329102696,10.298911128834222,16.611561376299658
2024-07-05 08:29:02,924.37,993.33,893.2436308370629,965.7205303186477,929.4820805778553,72.47689948158472,40.87,49.61,90.47999999999999,8.740000000000002,9.789306474048203,-0.6197688246828648,10.27279034377835,16.57117993763374
2024-07-05 08:29:03,926.12,1011.51,901.4627231277972,977.1678977389859,939.3153104333915,75.70517461118868,41.47,50.21,91.68,8.740000000000002,9.83322985553616,0.04392338148795716,10.245585735032785,16.138752913658813
2024-07-05 08:29:04,943.73,1018.8,912.0295423458479,987.5759233042395,949.8027328250437,75.54638095839164,42.07,50.81,92.88,8.740000000000002,10.487422391652217,0.6541925361160565,10.226127504294963,15.917136524407212
2024-07-05 08:29:05,950.8,1033.42,921.7221567593858,999.0369424781796,960.3795496187827,77.31478571879381,42.65,51.41,94.06,8.759999999999998,10.576816793738999,0.08939440208678207,10.210286406639339,16.08217947590205
2024-07-05 08:29:06,956.1,1044.4,930.3166175695393,1010.3777068586347,970.347162214087,80.06108928909543,43.25,52.01,95.25999999999999,8.759999999999998,9.967612595304331,-0.6092041984346679,10.186302246774982,16.254522088483313
2024-07-05 08:29:07,970.27,1049.91,940.3049631771545,1020.260780143976,980.2828716605652,79.95581696682154,43.83,52.61,96.44,8.780000000000001,9.9357094464782,-0.031903148826131655,10.164691637244646,16.205246752093593
2024-07-05 08:29:08,972.05,1066.45,948.2412223828658,1031.808085107982,990.0246537454238,83.56686272511615,44.43,53.21,97.64,8.780000000000001,9.741782084858642,-0.19392736161955781,10.139539569908688,15.868107101294184
2024-07-05 08:29:09,986.27,1077.51,957.7484167871493,1043.2335638309864,1000.4909903090679,85.48514704383717,45.01,53.81,98.82,8.800000000000004,10.466336563644063,0.7245544787854215,10.124377455825648,15.79658562481278
2024-07-05 08:29:10,991.61,1088.59,966.213812590362,1054.5726728732398,1010.3932427318009,88.3588602828778,45.61,54.41,100.02,8.799999999999997,9.902252422733,-0.5640841409110635,10.101911943910109,15.859766671014752
2024-07-05 08:29:11,1007.67,1090.44,976.5778594427715,1063.5395046549297,1020.0586820488506,86.96164521215826,46.18,55.01,101.19,8.829999999999998,9.665439317049731,-0.23681310568326808,10.080627255343645,15.800089035112713
2024-07-05 08:29:12,1009.46,1108.96,984.7983945820786,1074.8946284911972,1029.846511536638,90.09623390911861,46.76,55.61,102.37,8.850000000000001,9.787829487787349,0.12239017073761715,10.060042018917612,15.688522257558304
2024-07-05 08:29:13,1021.99,1116.39,994.0962959365588,1085.268471368398,1039.6823836524784,91.17217543183915,47.36,56.21,103.57,8.850000000000001,9.835872115840402,0.048042628053053704,10.038451034218667,15.469325959880539
2024-07-05 08:29:14,1034.56,1129.42,1004.2122219524191,1096.3063535262986,1050.2592877393588,92.09413157387951,47.94,56.79,104.72999999999999,8.850000000000001,10.576904086880404,0.7410319710400017,10.028256256193094,15.711890835029287
2024-07-05 08:29:15,1038.16,1129.42,1012.6991664643144,1104.5847651447239,1058.6419658045193,91.88559868040943,48.52,57.39,105.91,8.869999999999997,8.382678065160462,-2.194226021719942,9.995675156348259,15.436721779939475
2024-07-05 08:29:16,1043.56,1146.21,1020.4143748482358,1114.991073858543,1067.7027243533894,94.57669901030715,49.12,57.99,107.11,8.870000000000005,9.060758548870126,0.6780804837096639,9.968282274158408,14.981343588413534
2024-07-05 08:29:17,1054.37,1161.19,1028.9032811361767,1126.5408053939072,1077.722043265042,97.63752425773055,49.7,58.59,108.29,8.89,10.01931891165259,0.9585603627824639,9.95218425812963,14.79657226900177
2024-07-05 08:29:18,1067.02,1166.81,1038.4324608521324,1136.6081040454305,1087.5202824487815,98.17564319329813,50.28,59.19,109.47,8.909999999999997,9.798239183739497,-0.22107972791309294,9.934413743622615,14.809387504664034
2024-07-05 08:29:19,1081.51,1178.08,1049.2018456390992,1146.976078034073,1098.0889618365861,97.77423239497375,50.88,59.77,110.65,8.89,10.56867938780465,0.770440204065153,9.923985105400822,15.61270156868513
2024-07-05 08:29:20,1088.78,1189.37,1059.0963842293245,1157.5745585255547,1108.3354713774397,98.47817429623024,51.46,60.28,111.74000000000001,8.82,10.246509540853594,-0.32216984695105566,9.918878301938083,16.0708195113626
2024-07-05 08:29:21,1097.87,1181.84,1068.7897881719932,1163.6409188941661,1116.2153535330797,94.85113072217291,52.03,60.57,112.6,8.54,7.879882155639962,-2.366627385213633,9.913102518827506,15.481859601737796
2024-07-05 08:29:22,1097.87,1174.32,1076.0598411289948,1166.3106891706245,1121.1852651498098,90.25084804162975,52.61,60.95,113.56,8.340000000000003,4.969911616730087,-2.9099705389098744,9.87306494607912,13.639305817452591
2024-07-05 08:29:23,1110.63,1183.72,1084.702380846746,1170.6630168779684,1127.6826988623573,85.9606360312223,53.19,61.29,114.47999999999999,8.100000000000001,6.49743371254749,1.5275220958174032,9.850477716735497,11.495057983677178
2024-07-05 08:29:24,1125.25,1212.03,1094.8392856350597,1181.0047626584762,1137.9220241467679,86.16547702341654,53.77,61.62,115.39,7.849999999999994,10.239325284410597,3.741891571863107,9.86153058571139,11.250440363103895
2024-07-05 08:29:25,1132.57,1178.08,1104.2719642262948,1180.273571993857,1142.272768110076,76.00160776756229,54.35,61.86,116.21000000000001,7.509999999999998,4.350743963308105,-5.888581321102492,9.829384375533014,10.977317153099555
2024-07-05 08:29:26,1134.4,1183.72,1111.8039731697213,1181.1351789953928,1146.469576082557,69.33120582567153,54.95,62.09,117.04,7.140000000000001,4.1968079724811105,-0.15393599082699438,9.79553628064782,10.456047006231875
2024-07-05 08:29:27,1136.24,1181.84,1117.912979877291,1181.3113842465445,1149.6121820619178,63.39840436925351,55.53,62.35,117.88,6.82,3.1426059793607237,-1.0542019931203868,9.752393725055345,8.548591895438749
2024-07-05 08:29:28,1154.61,1223.39,1127.0872349079682,1191.8310381849085,1159.4591365464385,64.7438032769403,56.1,62.51,118.61,6.409999999999997,9.846954484520666,6.704348505159942,9.77539100220089,8.16980795394481
2024-07-05 08:29:29,1158.29,1223.39,1134.8879261809761,1199.7207786386814,1167.3043524098289,64.83285245770526,56.59,62.64,119.23,6.049999999999997,7.845215863390422,-2.0017386211302437,9.79035765008363,10.192269229877317
2024-07-05 08:29:30,1163.82,1183.72,1142.120944635732,1195.720583979011,1168.9207643073714,53.59963934327902,56.95,62.8,119.75,5.849999999999994,1.616411897542548,-6.228803965847874,9.761342417920911,10.132195622198784
2024-07-05 08:29:31,1163.82,1183.72,1147.545708476799,1192.7204379842583,1170.1330732305287,45.17472950745923,57.28,62.95,120.23,5.670000000000002,1.2123089231572521,-0.40410297438529597,9.732454990418978,8.605203672565704
2024-07-05 08:29:32,1169.35,1198.8,1152.9967813575993,1194.2403284881937,1173.6185549228965,41.24354713059438,57.62,63.06,120.68,5.440000000000005,3.4854816923677845,2.2731727692105324,9.725045949601014,5.251966200549609
2024-07-05 08:29:33,1154.61,1196.91,1153.4000860181993,1194.9077463661451,1174.1539161921723,41.50766034794583,57.86,63.2,121.06,5.340000000000003,0.5353612692758816,-2.950120423091903,9.698941900654473,2.974284006090346
2024-07-05 08:29:34,1154.61,1198.8,1153.7025645136493,1195.880809774609,1174.7916871441291,42.17824526095956,58.06,63.29,121.35,5.229999999999997,0.6377709519567816,0.1024096826809,9.681019179753688,2.6218370490561718
2024-07-05 08:29:35,1158.29,1198.8,1154.849423385237,1196.6106073309568,1175.7300153580968,41.76118394571972,58.22,63.35,121.57,5.130000000000003,0.9383282139676794,0.30055726201089783,9.67121827495993,2.135844350669218
2024-07-05 08:29:36,1158.29,1230.98,1155.7095675389278,1205.2029554982178,1180.4562615185728,49.493387959289976,58.37,63.44,121.81,5.07,4.7262461604759665,3.787917946508287,9.690963400604296,2.745824193161773
2024-07-05 08:29:37,1163.82,1236.67,1157.7371756541959,1213.0697166236632,1185.4034461389297,55.332540969467345,58.51,63.49,122.0,4.980000000000004,4.947184620356893,0.22093845988092653,9.716421610020559,4.7703611716831285
2024-07-05 08:29:38,1152.77,1227.18,1156.4953817406467,1216.5972874677475,1186.546334604197,60.10190572710076,58.64,63.53,122.17,4.890000000000001,1.1428884652673332,-3.8042961550895598,9.712256076712293,5.3829558624332945
2024-07-05 08:29:39,1150.93,1196.91,1155.1040363054851,1211.6754656008106,1183.389750953148,56.571429295325515,58.75,63.58,122.33,4.829999999999998,-3.1565836510490044,-4.299472116316338,9.673749213434144,4.342068320969108
2024-07-05 08:29:40,1178.59,1198.8,1160.9755272291138,1208.456599200608,1184.716063214861,47.4810719714942,58.88,63.64,122.52000000000001,4.759999999999998,1.3263122617129284,4.482895912761933,9.669572751757167,2.3368950786114624
2024-07-05 08:29:41,1158.29,1202.58,1160.3041454218353,1206.987449400456,1183.6457974111456,46.68330397862064,58.95,63.69,122.64,4.739999999999995,-1.0702658037153014,-2.39657806542823,9.651384440311164,1.2965367194174513
2024-07-05 08:29:42,1173.04,1198.8,1163.4881090663764,1204.940587050342,1184.214348058359,41.45247798396554,59.04,63.69,122.72999999999999,4.649999999999999,0.5685506472134421,1.6388164509287435,9.648939447644583,1.2528019035087188
2024-07-05 08:29:43,1165.66,1198.8,1164.0310817997822,1203.4054402877564,1183.7182610437694,39.37435848797418,59.08,63.73,122.81,4.649999999999999,-0.4960870145896479,-1.06463766180309,9.638614537946054,0.5282017882474287
2024-07-05 08:29:44,1165.66,1204.46,1164.4383113498366,1203.6690802158173,1184.053695782827,39.230768865980735,59.13,63.8,122.93,4.669999999999995,0.3354347390575185,0.8315217536471664,9.631934321572379,0.43074566897449745
2024-07-05 08:29:45,1158.29,1200.69,1162.9012335123775,1202.924310161863,1182.9127718371203,40.023076649485574,59.17,63.8,122.97,4.6299999999999955,-1.1409239457066178,-1.4763586847641363,9.619523153757804,0.5030535415877597
2024-07-05 08:29:46,1152.77,1196.91,1160.3684251342831,1201.4207326213973,1180.89457887784,41.05230748711415,59.22,63.8,123.02,4.579999999999998,-2.0181929592802135,-0.8772690135735957,9.599208009093092,1.3615472770009143
2024-07-05 08:29:47,1163.82,1202.58,1161.2313188507123,1201.710549466048,1181.4709341583803,40.47923061533561,59.28,63.84,123.12,4.560000000000002,0.576355280540156,2.5945482398203694,9.59609262964821,1.3824173978693988
2024-07-05 08:29:48,1154.61,1187.49,1159.5759891380342,1198.1554120995359,1178.865700618785,38.57942296150168,59.31,63.84,123.15,4.530000000000001,-2.605233539595247,-3.181588820135403,9.57260000849521,1.9828544684720384
2024-07-05 08:29:49,1163.82,1227.18,1160.6369918535256,1205.411559074652,1183.0242754640888,44.77456722112629,59.33,63.86,123.19,4.530000000000001,4.158574845303747,6.763808384898994,9.603249174939846,1.7032500246149707
2024-07-05 08:29:50,1156.45,1200.69,1159.5902438901442,1204.231169305989,1181.9107065980666,44.64092541584478,59.35,63.89,123.24000000000001,4.539999999999999,-1.1135688660222058,-5.272143711325953,9.590317242841198,1.5364896368825638
2024-07-05 08:29:51,1165.66,1198.8,1161.1076829176081,1202.8733769794917,1181.99052994855,41.76569406188355,59.39,63.89,123.28,4.5,0.07982335048336608,1.193392216505572,9.587853020446925,1.5541700723485394
2024-07-05 08:29:52,1158.29,1193.14,1160.403262188206,1200.4400327346189,1180.4216474614125,40.036770546412754,59.39,63.91,123.3,4.519999999999996,-1.5688824871374436,-1.6487058376208097,9.573573705497477,1.6204742230634288
2024-07-05 08:29:53,1165.66,1187.49,1161.7174466411545,1197.2025245509642,1179.4599855960594,35.48507790980966,59.44,63.91,123.35,4.469999999999999,-0.9616618653531077,0.6072206217843359,9.561896846649068,1.4107806887211738
2024-07-05 08:29:54,1163.82,1238.57,1162.243084980866,1207.5443934132231,1184.8937391970444,45.301308432357246,59.44,63.93,123.37,4.490000000000002,5.433753600985028,6.395415466338136,9.60439109664143,2.0599991863429397
2024-07-05 08:29:55,1165.66,1198.8,1163.0973137356493,1205.3582950599173,1184.2278043977833,42.26098132426796,59.48,63.98,123.46,4.5,-0.6659347992610947,-6.099688400246123,9.591995746037483,2.3495908157282805
2024-07-05 08:29:56,1160.13,1200.69,1162.355485301737,1204.1912212949378,1183.2733532983375,41.83573599320084,59.48,63.98,123.46,4.5,-0.9544510994458051,-0.2885163001847104,9.584264893196766,2.3908481645858783
2024-07-05 08:29:57,1165.66,1185.61,1163.1816139763027,1199.5459159712034,1181.363764973753,36.36430199490064,59.48,63.98,123.46,4.5,-1.909588324584547,-0.955137225138742,9.568797630041757,2.2216433940899867
2024-07-05 08:29:58,1163.82,1242.38,1163.341210482227,1210.2544369784025,1186.7978237303148,46.91322649617541,59.53,63.98,123.50999999999999,4.449999999999996,5.434058756561853,7.3436470811464005,9.608920849497158,2.005884937017866
2024-07-05 08:29:59,1154.61,1195.03,1161.1584078616702,1206.4483277338018,1183.803367797736,45.28991987213158,59.53,64.0,123.53,4.469999999999999,-2.9944559325788305,-8.428514689140684,9.583124408763958,1.9582594584802748
2024-07-05 08:30:00,1158.29,1195.03,1160.4413058962527,1203.5937458003514,1182.017525848302,43.15243990409863,59.53,64.0,123.53,4.469999999999999,-1.785841949433916,1.2086139831449145,9.568667661941507,2.1076259486490097
2024-07-05 08:30:01,1160.13,1191.26,1160.3634794221896,1200.5103093502635,1180.4368943862264,40.146829928073885,59.53,64.0,123.53,4.469999999999999,-1.5806314620756439,0.20521048735827208,9.555872134949844,2.5106508687499387
2024-07-05 08:30:02,1165.66,1200.69,1161.687609566642,1200.5552320126976,1181.1214207896699,38.86762244605552,59.57,64.04,123.61000000000001,4.470000000000006,0.6845264034434422,2.265157865519086,9.555225396282212,2.5493742133236243
2024-07-05 08:30:03,1163.82,1198.8,1162.2207071749815,1200.1164240095231,1181.1685655922524,37.895716834541645,59.57,64.04,123.61000000000001,4.470000000000006,0.04714480258257936,-0.6373816008608628,9.555606795863163,1.2977995322422438
2024-07-05 08:30:04,1163.82,1196.91,1162.620530381236,1199.3148180071423,1180.9676741941892,36.69428762590633,59.57,64.04,123.61000000000001,4.470000000000006,-0.20089139806327694,-0.2480362006458563,9.553981592429475,0.5690424620602922
2024-07-05 08:30:05,1154.61,1189.37,1160.617897785927,1196.8286135053568,1178.723255645642,36.2107157194298,59.57,64.04,123.61000000000001,4.470000000000006,-2.2444185485471735,-2.0435271504838965,9.53582433548918,1.026074400637871
2024-07-05 08:30:06,1156.45,1196.91,1159.5759233394451,1196.8489601290175,1178.2124417342313,37.273036789572416,59.62,64.04,123.66,4.420000000000009,-0.5108139114106507,1.7336046371365228,9.527837879721766,1.4471944166875084
2024-07-05 08:30:07,1156.45,1200.69,1158.794442504584,1197.809220096763,1178.3018313006735,39.01477759217914,59.62,64.09,123.71000000000001,4.470000000000006,0.08938956644215068,0.6002034778528014,9.524709577042792,1.4689909895461168
2024-07-05 08:30:08,1160.13,1200.69,1159.128331878438,1198.5294150725722,1178.8288734755051,39.40108319413412,59.62,64.09,123.71000000000001,4.470000000000006,0.5270421748316494,0.4376526083894987,9.528969880741535,1.127504853249395
2024-07-05 08:30:09,1165.66,1193.14,1160.7612489088285,1197.1820613044292,1178.971655106629,36.420812395600706,59.62,64.09,123.71000000000001,4.470000000000006,0.142781631123853,-0.3842605437077964,9.530124044753899,0.33336123557457936
2024-07-05 08:30:10,1174.89,1198.8,1164.2934366816214,1197.586545978322,1180.9399913299717,33.29310929670055,59.64,64.09,123.73,4.450000000000003,1.9683362233427033,1.8255545922188503,9.544491891905599,1.10548154077329
2024-07-05 08:30:11,1165.66,1185.61,1164.635077511216,1194.5924094837414,1179.6137434974787,29.95733197252548,59.66,64.09,123.75,4.430000000000007,-1.3262478324929816,-3.294584055835685,9.532232193658558,1.0135636090024982
2024-07-05 08:30:12,1158.29,1195.03,1163.048808133412,1194.7018071128061,1178.8753076231092,31.65299897939417,59.66,64.09,123.75,4.430000000000007,-0.7384358743695429,0.5878119581234387,9.526265035126013,0.8932645120588275
2024-07-05 08:30:13,1163.82,1200.69,1163.241606100059,1196.1988553346046,1179.7202307173318,32.95724923454554,59.66,64.13,123.78999999999999,4.469999999999999,0.8449230942226222,1.5833589685921652,9.53001228845076,0.8257258461258642
2024-07-05 08:30:14,1165.66,1200.69,1163.8462045750443,1197.3216415009533,1180.5839230379988,33.47543692590898,59.66,64.13,123.78999999999999,4.469999999999999,0.8636923206670417,0.018769226444419473,9.536989365061876,0.8219961744757442
2024-07-05 08:30:15,1165.66,1193.14,1164.2996534312833,1196.276231125715,1180.287942278499,31.976577694431626,59.66,64.13,123.78999999999999,4.469999999999999,-0.2959807594997983,-1.15967308016684,9.534598374213594,0.6609494385504558
2024-07-05 08:30:16,1163.82,1200.69,1164.1797400734624,1197.3796733442864,1180.7797067088745,33.199933270823976,59.66,64.13,123.78999999999999,4.469999999999999,0.4917644303754969,0.7877451898752952,9.53857094410133,0.7685718104365322
2024-07-05 08:30:17,1169.35,1198.8,1165.472305055097,1197.7347550082147,1181.6035300316557,32.262449953117766,59.71,64.13,123.84,4.419999999999995,0.8238233227812088,0.33205889240571196,9.541372096982265,0.6911725207777429
2024-07-05 08:30:18,1167.51,1198.8,1165.9817287913227,1198.001066256161,1181.9913975237419,32.01933746483837,59.71,64.13,123.84,4.419999999999995,0.3878674920861158,-0.435955830695093,9.544504101899529,0.718268841274049
2024-07-05 08:30:19,1165.66,1193.14,1165.901296593492,1196.785799692121,1181.3435481428064,30.88450309862901,59.71,64.13,123.84,4.419999999999995,-0.6478493809354404,-1.0357168730215562,9.539272760041454,0.674210804121146
2024-07-05 08:30:20,1167.51,1195.03,1166.303472445119,1196.3468497690906,1181.3251611071048,30.043377323971526,59.71,64.13,123.84,4.419999999999995,-0.0183870357016076,0.6294623452338328,9.539124285917156,0.44281802515016644
2024-07-05 08:30:21,1163.82,1202.58,1165.6826043338392,1197.905137326818,1181.7938708303286,32.22253299297881,59.71,64.18,123.89000000000001,4.470000000000006,0.4687097232238102,0.4870967589254178,9.539057722909604,0.28785105945429423
2024-07-05 08:30:22,1165.66,1200.69,1165.6769532503795,1198.6013529951135,1182.1391531227464,32.924399744734046,59.71,64.18,123.89000000000001,4.470000000000006,0.3452822924177781,-0.12342743080603213,9.541844729848265,0.3716204960009238
2024-07-05 08:30:23,1154.61,1198.8,1162.9102149377845,1198.6510147463352,1180.78061484206,35.74079980855072,59.71,64.18,123.89000000000001,4.470000000000006,-1.358538280686389,-1.7038205731041671,9.53087904843959,0.5159140461263177
2024-07-05 08:30:24,1163.82,1193.14,1163.1376612033384,1197.2732610597516,1180.205461131545,34.13559985641314,59.71,64.18,123.89000000000001,4.470000000000006,-0.5751537105149964,0.7833845701713926,9.52623659379537,0.7751476047392961
2024-07-05 08:30:25,1154.61,1198.8,1161.0057459025038,1197.6549457948138,1179.330345848659,36.64919989230998,59.71,64.18,123.89000000000001,4.470000000000006,-0.8751152828860995,-0.2999615723711031,9.519172946399918,1.1491737522304304
2024-07-05 08:30:26,1169.35,1196.91,1163.0918094268777,1197.4687093461102,1180.280259386494,34.37689991923253,59.75,64.18,123.93,4.430000000000007,0.9499135378350729,1.8250288207211725,9.523765430991112,1.0316944800546
2024-07-05 08:30:27,1161.98,1196.91,1162.8138570701583,1197.3290320095828,1180.0714445398705,34.51517493942447,59.75,64.18,123.93,4.430000000000007,-0.2088148466234543,-1.1587283844585272,9.522080489129266,0.5230635083616177
2024-07-05 08:30:28,1154.61,1196.91,1160.7628928026186,1197.224274007187,1178.993583404903,36.4613812045684,59.75,64.2,123.95,4.450000000000003,-1.077861134967634,-0.8690462883441796,9.511848115313068,0.5780970899417255
2024-07-05 08:30:29,1160.13,1200.69,1160.604669601964,1198.0907055053904,1179.3476875536771,37.486035903426455,59.75,64.2,123.95,4.450000000000003,0.35410414877424046,1.4319652837418744,9.514704945856977,0.5452109766352096
2024-07-05 08:30:30,1160.13,1200.69,1160.486002201473,1198.740529129043,1179.613265665258,38.25452692756994,59.75,64.2,123.95,4.450000000000003,0.2655781115809077,-0.08852603719333274,9.51684756876491,0.5238880531941518
2024-07-05 08:30:31,1163.82,1200.69,1161.3195016511047,1199.2278968467822,1180.2736992489436,37.908395195677485,59.75,64.2,123.95,4.450000000000003,0.6604335836855171,0.39485547210460936,9.52217579448784,0.5219548829171828
2024-07-05 08:30:32,1165.66,1195.03,1162.4046262383285,1198.1784226350867,1180.2915244367077,35.773796396758144,59.75,64.2,123.95,4.450000000000003,0.01782518776417419,-0.6426083959213429,9.52231960398861,0.572194286426312
2024-07-05 08:30:33,1165.66,1191.26,1163.2184696787465,1196.4488169763151,1179.8336433275308,33.23034729756864,59.75,64.2,123.95,4.450000000000003,-0.45788110917692393,-0.4757062969410981,9.518625524880235,0.4125170501003146
2024-07-05 08:30:34,1158.29,1196.91,1161.98635225906,1196.5641127322363,1179.2752324956482,34.57776047317634,59.75,64.2,123.95,4.450000000000003,-0.5584108318826111,-0.10052972270568716,9.514120395171664,0.4361347332681339
2024-07-05 08:30:35,1165.66,1193.14,1162.904764194295,1195.7080845491773,1179.3064243717363,32.80332035488232,59.75,64.2,123.95,4.450000000000003,0.031191876088087156,0.5896027079706982,9.514372044028756,0.49649801009331346
2024-07-05 08:30:36,1161.98,1208.24,1162.673573145721,1198.841063411883,1180.757318278802,36.16749026616185,59.8,64.27,124.07,4.469999999999999,1.4508939070656197,1.4197020309775326,9.516863937792682,0.6393548584648576
2024-07-05 08:30:37,1165.66,1202.58,1163.4201798592908,1199.7757975589122,1181.5979887091016,36.35561769962146,59.8,64.27,124.07,4.469999999999999,0.8406704302997241,-0.6102234767658956,9.523639712948029,1.0052787468451472
2024-07-05 08:30:38,1165.66,1189.37,1163.9801348944682,1197.1743481691842,1180.577241531826,33.19421327471605,59.8,64.27,124.07,4.469999999999999,-1.0207471772755525,-1.8614176075752766,9.515412525319688,1.0010092624686704
2024-07-05 08:30:39,1165.66,1200.69,1164.400101170851,1198.0532611268882,1181.2266811488696,33.65315995603714,59.8,64.27,124.07,4.469999999999999,0.6494396170435266,1.6701867943190791,9.520646986606131,0.8723458152062482
2024-07-05 08:30:40,1165.66,1200.69,1164.7150758781384,1198.7124458451663,1181.7137608616522,33.99736996702791,59.8,64.27,124.07,4.469999999999999,0.4870797127825881,-0.1623599042609385,9.524572832570964,0.5009056936720283
2024-07-05 08:30:41,1165.66,1193.14,1164.9513069086038,1197.3193343838748,1181.1353206462393,32.36802747527099,59.8,64.27,124.07,4.469999999999999,-0.5784402154129111,-1.0655199281954992,9.519910624053589,0.4479032156825247
2024-07-05 08:30:42,1165.66,1189.37,1165.128480181453,1195.332000787906,1180.2302404846796,30.20352060645314,59.8,64.27,124.07,4.469999999999999,-0.9050801615596811,-0.32663994614676994,9.512615708648859,0.5804478147169347
2024-07-05 08:30:43,1165.66,1196.91,1165.2613601360897,1195.7265005909296,1180.4939303635097,30.46514045483991,59.8,64.27,124.07,4.469999999999999,0.2636898788300641,1.1687700403897452,9.514741040128706,0.5957729134870187
2024-07-05 08:30:44,1156.45,1198.8,1163.0585201020672,1196.4948754431973,1179.7766977726324,33.43635534113014,59.8,64.27,124.07,4.469999999999999,-0.7172325908773018,-0.980922469707366,9.508960169772486,0.7629446013557063
2024-07-05 08:30:45,1163.82,1191.26,1163.2488900765504,1195.186156582398,1179.2175233294743,31.937266505847674,59.8,64.27,124.07,4.469999999999999,-0.5591744431580992,0.15805814771920268,9.50445324272605,0.7249654201089444
2024-07-05 08:30:46,1154.61,1198.8,1161.0891675574128,1196.0896174367986,1178.5893924971056,35.00044987938577,59.8,64.27,124.07,4.469999999999999,-0.6281308323686972,-0.06895638921059799,9.49939052952136,0.7707474202139569
2024-07-05 08:30:47,1173.04,1196.91,1164.0768756680595,1196.294713077599,1180.1857943728292,32.21783740953947,59.84,64.27,124.11,4.429999999999993,1.5964018757235863,2.2245327080922834,9.509191723983864,0.7627639148506681
2024-07-05 08:30:48,1158.29,1204.46,1162.6301567510445,1198.3360348081992,1180.4830957796219,35.70587805715468,59.84,64.31,124.15,4.469999999999999,0.29730140679271244,-1.2991004689308738,9.508522644149007,0.7597860895094031
2024-07-05 08:30:49,1156.45,1200.69,1161.0851175632833,1198.9245261061494,1180.0048218347165,37.83940854286607,59.84,64.31,124.15,4.469999999999999,-0.4782739449053679,-0.7755753516980803,9.504670256383779,0.7759364072056912
2024-07-05 08:30:50,1163.82,1198.8,1161.7688381724624,1198.893394579612,1180.3311163760372,37.12455640714961,59.84,64.31,124.15,4.469999999999999,0.326294541320749,0.8045684862261169,9.5072984846455,0.7639444634103962
2024-07-05 08:30:51,1158.29,1191.26,1160.8991286293467,1196.985045934709,1178.9420872820278,36.08591730536227,59.84,64.31,124.15,4.469999999999999,-1.3890290940094019,-1.7153236353301509,9.496110171453223,0.6115917994511751
2024-07-05 08:30:52,1165.66,1195.03,1162.08934647201,1196.4962844510317,1179.2928154615208,34.40693797902168,59.84,64.31,124.15,4.469999999999999,0.3507281794929895,1.7397572735023914,9.498935207109026,0.6677059585202192
2024-07-05 08:30:53,1163.82,1200.69,1162.5220098540074,1197.5447133382736,1180.0333615961404,35.02270348426623,59.84,64.31,124.15,4.469999999999999,0.7405461346195352,0.3898179551265457,9.50490013766605,0.5788811381941469
2024-07-05 08:30:54,1152.77,1193.14,1160.0840073905056,1196.4435350037052,1178.2637711971054,36.35952761319959,59.84,64.31,124.15,4.469999999999999,-1.7695903990349962,-2.5101365336545314,9.49064648978219,0.8331517890190389
2024-07-05 08:30:55,1165.66,1193.14,1161.4780055428791,1195.6176512527788,1178.547828397829,34.139645709899696,59.84,64.31,124.15,4.469999999999999,0.28405720072373697,2.053647599758733,9.492934505879134,0.6895917861105193
2024-07-05 08:30:56,1165.66,1189.37,1162.5235041571593,1194.055738439584,1178.2896212983717,31.532234282424724,59.84,64.31,124.15,4.469999999999999,-0.2582070994574224,-0.5422643001811593,9.490854706464091,0.7647111171886612
2024-07-05 08:30:57,1163.82,1196.91,1162.8476281178694,1194.769303829688,1178.8084659737788,31.92167571181858,59.84,64.31,124.15,4.469999999999999,0.518844675407081,0.7770517748645034,9.495033882229118,0.7301065112015354
2024-07-05 08:30:58,1154.61,1198.8,1160.788221088402,1195.776977872266,1178.2825994803338,34.98875678386389,59.84,64.31,124.15,4.469999999999999,-0.5258664934449371,-1.044711168852018,9.490798147318047,0.2376065588708115
2024-07-05 08:30:59,1165.66,1196.91,1162.0061658163015,1196.0602334041994,1179.0331996102504,34.05406758789786,59.84,64.31,124.15,4.469999999999999,0.7506001299166201,1.2764666233615571,9.496844060518779,0.3281107734824069
2024-07-05 08:31:00,1158.29,1185.61,1161.0771243622262,1193.4476750531494,1177.2623997076878,32.37055069092321,59.84,64.31,124.15,4.469999999999999,-1.7707999025626577,-2.521400032479278,9.4825806703593,0.6831780190881492
2024-07-05 08:31:01,1163.82,1206.35,1161.7628432716697,1196.673256289862,1179.2180497807658,34.91041301819223,59.84,64.35,124.19,4.509999999999991,1.9556500730780044,3.726449975640662,9.495273695832935,0.7860936669160647
2024-07-05 08:31:02,1165.66,1202.58,1162.7371324537523,1198.1499422173965,1180.4435373355745,35.41280976364419,59.88,64.35,124.22999999999999,4.469999999999992,1.2254875548087512,-0.7301625182692533,9.502081041885967,1.1780047911865688
2024-07-05 08:31:03,1167.51,1200.69,1163.9303493403143,1198.7849566630475,1181.3576530016808,34.85460732273327,59.88,64.35,124.22999999999999,4.469999999999992,0.9141156661062269,-0.3113718887025243,9.509439293988905,1.5522994307819646
2024-07-05 08:31:04,1165.66,1196.91,1164.3627620052357,1198.3162174972856,1181.3394897512608,33.9534554920499,59.88,64.35,124.22999999999999,4.469999999999992,-0.01816325042000244,-0.9322789165262293,9.509293087353843,1.7256428354953348
2024-07-05 08:31:05,1165.66,1200.69,1164.6870715039267,1198.909663122964,1181.7983673134454,34.2225916190373,59.88,64.35,124.22999999999999,4.469999999999992,0.4588775621846253,0.4770408126046277,9.512986861470326,1.0275528670770373
2024-07-05 08:31:06,1160.13,1200.69,1163.547803627945,1199.3547473422232,1181.4512754850841,35.80694371427808,59.88,64.35,124.22999999999999,4.469999999999992,-0.34709182836127184,-0.8059693905458971,9.510192916162692,0.5018117286367395
2024-07-05 08:31:07,1165.66,1198.8,1164.075852720959,1199.2160605066674,1181.6459566138133,35.140207785708526,59.88,64.35,124.22999999999999,4.469999999999992,0.1946811287291439,0.5417729570904157,9.511760018530575,0.1981201989580507
2024-07-05 08:31:08,1165.66,1193.14,1164.471889540719,1197.6970453800006,1181.08446746036,33.22515583928157,59.88,64.35,124.22999999999999,4.469999999999992,-0.5614891534532944,-0.7561702821824383,9.507240263649036,0.27596165311630444
2024-07-05 08:31:09,1158.29,1195.03,1162.9264171555392,1197.0302840350005,1179.9783505952698,34.10386687946129,59.88,64.35,124.22999999999999,4.469999999999992,-1.1061168650901436,-0.5446277116368492,9.498336481501518,0.7289529012060818
2024-07-05 08:31:10,1158.29,1196.91,1161.7673128666543,1197.0002130262503,1179.3837629464524,35.232900159596056,59.88,64.35,124.22999999999999,4.469999999999992,-0.5945876488174235,0.5115292162727201,9.493550297455544,0.9823362365292455
2024-07-05 08:31:11,1165.66,1195.03,1162.7404846499908,1196.5076597696877,1179.6240722098391,33.76717511969696,59.88,64.35,124.22999999999999,4.469999999999992,0.24030926338673453,0.8348969122041581,9.495484687389153,0.9769124188449126
2024-07-05 08:31:12,1165.66,1196.91,1163.4703634874932,1196.6082448272657,1180.0393041573793,33.13788133977255,59.88,64.35,124.22999999999999,4.469999999999992,0.4152319475401782,0.1749226841534437,9.498827132404028,0.6512938800480894
2024-07-05 08:31:13,1154.61,1198.8,1161.2552726156198,1197.1561836204494,1179.2057281180346,35.900911004829595,59.88,64.35,124.22999999999999,4.469999999999992,-0.8335760393447345,-1.2488079868849127,9.492117190903304,0.36339827106242606
2024-07-05 08:31:14,1158.29,1196.91,1160.5139544617148,1197.094637715337,1178.804296088526,36.58068325362228,59.88,64.35,124.22999999999999,4.469999999999992,-0.4014320295086691,0.4321440098360654,9.488885829506884,0.46128434428243686
2024-07-05 08:31:15,1165.66,1195.03,1161.800465846286,1196.5784782865028,1179.1894720663945,34.7780124402168,59.88,64.38,124.25999999999999,4.499999999999993,0.3851759778685846,0.7866080073772537,9.489694693197327,0.4722510204030415
2024-07-05 08:31:16,1165.66,1206.35,1162.7653493847145,1199.021358714877,1180.8933540497956,36.25600933016244,59.88,64.42,124.30000000000001,4.539999999999999,1.703881983401061,1.3187060055324764,9.500348709166909,0.8395516805256092
2024-07-05 08:31:17,1169.35,1195.03,1164.4115120385359,1198.0235190361577,1181.2175155373468,33.61200699762185,59.93,64.42,124.35,4.490000000000002,0.32416148755123686,-1.3797204958498241,9.499135553182239,1.1071176192961412
2024-07-05 08:31:18,1165.66,1200.69,1164.7236340289019,1198.6901392771183,1181.70688665301,33.966505248216436,59.93,64.42,124.35,4.490000000000002,0.48937111566328895,0.1652096281120521,9.50307098632842,1.2868786693161902
2024-07-05 08:31:19,1165.66,1200.69,1164.9577255216764,1199.1901044578387,1182.0739149897577,34.23237893616238,59.93,64.42,124.35,4.490000000000002,0.3670283367475804,-0.12234277891570855,9.50602256118806,1.1167321821129277
2024-07-05 08:31:20,1154.61,1200.69,1162.3707941412572,1199.565078343379,1180.967936242318,37.19428420212171,59.93,64.42,124.35,4.490000000000002,-1.1059787474396217,-1.473007084187202,9.497128482068272,0.5052396978695795
2024-07-05 08:31:21,1156.45,1198.8,1160.890595605943,1199.373808757534,1180.1322021817386,38.483213151591144,59.93,64.42,124.35,4.490000000000002,-0.8357340605793979,0.27024468686022374,9.49040766136977,0.7438204338384731
2024-07-05 08:31:22,1158.29,1200.69,1160.240446704457,1199.7028565681508,1179.971651636304,39.462409863693665,59.93,64.42,124.35,4.490000000000002,-0.1605505454347167,0.6751835151446812,9.489116543202151,0.9300857219874398
2024-07-05 08:31:23,1167.51,1191.26,1162.0578350283429,1197.592142426113,1179.824988727228,35.534307397770135,59.93,64.42,124.35,4.490000000000002,-0.14666290907598523,0.01388763635873147,9.487937106870051,0.9383402426694165
2024-07-05 08:31:24,1167.51,1193.14,1163.4208762712572,1196.4791068195848,1179.949991545421,33.05823054832763,59.93,64.42,124.35,4.490000000000002,0.12500281819302472,0.27166572726900995,9.488942356706705,0.45959422570780506
2024-07-05 08:31:25,1165.66,1200.69,1163.980657203443,1197.5318301146885,1180.7562436590656,33.55117291124566,59.93,64.42,124.35,4.490000000000002,0.8062521136446321,0.6812492954516074,9.49542608897177,0.3683240969666882
2024-07-05 08:31:26,1165.66,1195.03,1164.400492902582,1196.9063725860165,1180.6534327442992,32.50587968343439,59.93,64.42,124.35,4.490000000000002,-0.10281091476645088,-0.909063028411083,9.494599302369924,0.437436413411258
2024-07-05 08:31:27,1156.45,1198.8,1162.4128696769365,1197.3797794395123,1179.8963245582245,34.966909762575824,59.93,64.42,124.35,4.490000000000002,-0.7571081860746744,-0.6542972713082236,9.488510776596009,0.44973690294641444
2024-07-05 08:31:28,1165.66,1196.91,1163.2246522577022,1197.2623345796342,1180.243493418668,34.037682321931925,59.93,64.42,124.35,4.490000000000002,0.3471688604436167,1.1042770465182912,9.491302645173828,0.3942479246359586
2024-07-05 08:31:29,1167.51,1198.8,1164.2959891932767,1197.6467509347256,1180.9713700640011,33.35076174144888,59.93,64.42,124.35,4.490000000000002,0.7278766453330263,0.3807077848894096,9.497156096235184,0.4305591594151249
2024-07-05 08:31:30,1163.82,1195.03,1164.1769918949574,1196.992563201044,1180.5847775480006,32.81557130608667,59.93,64.42,124.35,4.490000000000002,-0.386592516000519,-1.1144691613335453,9.494047189818685,0.41188653518180834
2024-07-05 08:31:31,1163.82,1198.8,1164.087743921218,1197.444422400783,1180.7660831610006,33.35667847956506,59.93,64.42,124.35,4.490000000000002,0.18130561299994952,0.5678981290004685,9.495505216449502,0.4272320288594673
2024-07-05 08:31:32,1165.66,1206.35,1164.4808079409133,1199.670816800587,1182.07581237075,35.19000885967375,59.93,64.47,124.4,4.539999999999999,1.3097292097495483,1.1284235967495988,9.50221706485959,0.6949679317393982
2024-07-05 08:31:33,1154.61,1204.46,1162.013105955685,1200.8681126004403,1181.4406092780628,38.85500664475535,59.93,64.47,124.4,4.539999999999999,-0.635203092687334,-1.9449323024368823,9.497110930715047,0.5997473766505216
2024-07-05 08:31:34,1173.04,1204.46,1164.7698294667637,1201.7660844503303,1183.267956958547,36.99625498356659,59.97,64.47,124.44,4.5,1.8273476804843085,2.4625507731716425,9.508742747105467,1.0904493590419766
2024-07-05 08:31:35,1163.82,1196.91,1164.5323721000727,1200.5520633377478,1182.5422177189103,36.01969123767503,59.97,64.47,124.44,4.5,-0.7257392396368232,-2.5530869201211317,9.502910705689485,0.967110809134376
2024-07-05 08:31:36,1165.66,1200.69,1164.8142790750546,1200.5865475033108,1182.7004132891827,35.77226842825621,59.97,64.47,124.44,4.5,0.15819557027248266,0.8839348099093058,9.504181965485381,0.6872418751654507
2024-07-05 08:31:37,1167.51,1200.69,1165.488209306291,1200.6124106274833,1183.0503099668872,35.12420132119223,59.97,64.47,124.44,4.5,0.3498966777044643,0.19170110743198165,9.506993735614701,0.7082643537006117
2024-07-05 08:31:38,1169.35,1200.69,1166.4536569797183,1200.6318079706125,1183.5427324751654,34.17815099089421,59.97,64.47,124.44,4.5,0.4924225082781959,0.14252583057373158,9.510950843492564,0.4080623504979276
2024-07-05 08:31:39,1169.35,1198.8,1167.1777427347888,1200.1738559779594,1183.6757993563742,32.99611324317061,59.97,64.47,124.44,4.5,0.13306688120883337,-0.3593556270693625,9.512020169112457,0.5001975439708802
2024-07-05 08:31:40,1163.82,1196.91,1166.3383070510915,1199.3578919834695,1182.8480995172804,33.01958493237794,59.97,64.47,124.44,4.5,-0.8276998390938388,-0.9607667203026722,9.505368772194725,0.4280790371194345
2024-07-05 08:31:41,1158.29,1193.14,1164.3262302883186,1197.803418987602,1181.0648246379603,33.47718869928349,59.97,64.47,124.44,4.5,-1.7832748793200608,-0.955575040226222,9.491038373086806,1.0473622166827457
2024-07-05 08:31:42,1158.29,1200.69,1162.817172716239,1198.5250642407016,1180.6711184784704,35.70789152446264,59.97,64.47,124.44,4.5,-0.393706159489966,1.3895687198300948,9.487874549908357,1.4051889446928332
2024-07-05 08:31:43,1167.51,1200.69,1163.9903795371793,1199.0662981805262,1181.5283388588527,35.075918643346995,59.97,64.47,124.44,4.5,0.8572203803823868,1.2509265398723528,9.494763173931933,1.2630861108099742
2024-07-05 08:31:44,1158.29,1198.8,1162.5652846528844,1198.9997236353947,1180.7825041441397,36.4344389825103,59.97,64.47,124.44,4.5,-0.7458347147130553,-1.603055095095442,9.488769645253697,0.885461066085245
2024-07-05 08:31:45,1158.29,1200.69,1161.4964634896633,1199.422292726546,1180.4593781081046,37.92582923688269,59.97,64.47,124.44,4.5,-0.3231260360350916,0.4227086786779637,9.486173004033523,0.4130099767659379
2024-07-05 08:31:46,1165.66,1198.8,1162.5373476172474,1199.2667195449094,1180.9020335810783,36.72937192766199,59.97,64.47,124.44,4.5,0.4426554729736836,0.7657815090087752,9.489730183954903,0.40318951642223066
2024-07-05 08:31:47,1165.66,1187.49,1163.3180107129356,1196.322539658682,1179.820275185809,33.004528945746415,59.97,64.47,124.44,4.5,-1.0817583952693894,-1.524413868243073,9.481037172169493,0.6256143483559342
2024-07-05 08:31:48,1163.82,1191.26,1163.4435080347016,1195.0569047440115,1179.2502063893567,31.61339670930988,59.97,64.47,124.44,4.5,-0.5700687964522331,0.5116895988171564,9.476456098625045,0.6957989686551552
2024-07-05 08:31:49,1165.66,1195.03,1163.9976310260263,1195.0501785580086,1179.5239047920174,31.052547531982327,59.97,64.47,124.44,4.5,0.27369840266078427,0.8437671991130173,9.478655539323062,0.679238577632321
2024-07-05 08:31:50,1156.45,1191.26,1162.1107232695197,1194.1026339185064,1178.106678594013,31.99191064898673,59.97,64.47,124.44,4.5,-1.4172261980045278,-1.690924600665312,9.467266707865207,1.0087692159617523
2024-07-05 08:31:51,1163.82,1202.58,1162.5380424521397,1196.2219754388798,1179.3800089455099,33.68393298674005,59.97,64.51,124.48,4.540000000000006,1.273330351496952,2.69055654950148,9.474453723257199,0.6554800960381995
2024-07-05 08:31:52,1154.61,1196.91,1160.5560318391047,1196.3939815791598,1178.4750067091322,35.83794974005514,59.97,64.51,124.48,4.540000000000006,-0.9050022363776407,-2.1783325878745927,9.467183461133907,0.6207188583409327
2024-07-05 08:31:53,1165.66,1200.69,1161.8320238793285,1197.4679861843697,1179.650005031849,35.635962305041176,59.97,64.51,124.48,4.540000000000006,1.174998322716874,2.0800005590945148,9.476622714935944,0.6912584483785322
2024-07-05 08:31:54,1165.66,1200.69,1162.7890179094964,1198.2734896382772,1180.5312537738869,35.48447172878082,59.97,64.51,124.48,4.540000000000006,0.8812487420377693,-0.29374958067910484,9.483702155287473,0.9648865496462548
2024-07-05 08:31:55,1163.82,1200.69,1163.0467634321221,1198.877617228708,1180.962190330415,35.83085379658587,59.97,64.51,124.48,4.540000000000006,0.43093655652819507,-0.4503121855095742,9.48716404919064,0.9797852026597101
2024-07-05 08:31:56,1165.66,1191.26,1163.7000725740916,1196.973212921531,1180.3366427478113,33.273140347439494,59.97,64.51,124.48,4.540000000000006,-0.6255475826037582,-1.0564841391319533,9.482138763381045,0.9707042460501846
2024-07-05 08:31:57,1158.29,1200.69,1162.3475544305686,1197.9024096911485,1180.1249820608587,35.55485526057987,60.02,64.51,124.53,4.490000000000002,-0.21166068695265494,0.41388689565110326,9.476631916680534,0.48585843235122217
2024-07-05 08:31:58,1171.2,1193.14,1164.5606658229265,1196.7118072683613,1180.636236545644,32.15114144543486,60.02,64.51,124.53,4.490000000000002,0.5112544847852405,0.7229151717378954,9.480737389102277,0.315758533981856
2024-07-05 08:31:59,1171.2,1195.03,1166.2204993671949,1196.2913554512709,1181.2559274092328,30.070856084076013,60.02,64.51,124.53,4.490000000000002,0.6196908635888576,0.10843637880361712,9.48571362662426,0.4576478498191242
2024-07-05 08:32:00,1163.82,1196.91,1165.620374525396,1196.4460165884532,1181.0331955569245,30.825642063057103,60.02,64.51,124.53,4.490000000000002,-0.2227318523082431,-0.8424227158971007,9.483925046759813,0.4701754878700742
2024-07-05 08:32:01,1167.51,1200.69,1166.092780894047,1197.50701244134,1181.7998966676937,31.414231547292957,60.02,64.51,124.53,4.490000000000002,0.7667011107691906,0.9894329630774337,9.490081805007724,0.6324416953533201
2024-07-05 08:32:02,1156.45,1200.69,1163.6820856705353,1198.302759331005,1180.9924225007703,34.62067366046972,60.02,64.51,124.53,4.490000000000002,-0.8074741669233845,-1.574175277692575,9.48359763123081,0.428895149212464
2024-07-05 08:32:03,1165.66,1196.91,1164.1765642529015,1197.9545694982537,1181.0655668755776,33.77800524535223,60.02,64.51,124.53,4.490000000000002,0.07314437480727065,0.8806185417306551,9.484184994711255,0.33453922200794783
2024-07-05 08:32:04,1163.82,1193.14,1164.087423189676,1196.7509271236904,1180.4191751566832,32.66350393401444,60.02,64.51,124.53,4.490000000000002,-0.6463917188943924,-0.719536093701663,9.478994344155536,0.490764380029822
2024-07-05 08:32:05,1165.66,1196.91,1164.480567392257,1196.7906953427678,1180.6356313675124,32.31012795051083,60.02,64.51,124.53,4.490000000000002,0.21645621082916477,0.8628479297235572,9.4807325294048,0.5274439770653029
2024-07-05 08:32:06,1167.51,1198.8,1165.2379255441926,1197.2930215070758,1181.2654735256342,32.055095962883115,60.02,64.51,124.53,4.490000000000002,0.6298421581218463,0.4133859472926815,9.485790283785786,0.3419228150609598
2024-07-05 08:32:07,1169.35,1208.24,1166.2659441581445,1200.0297661303068,1183.1478551442256,33.763821972162305,60.02,64.55,124.57,4.529999999999994,1.882381618591353,1.2525394604695066,9.497855387704666,1.0825583727367407
2024-07-05 08:32:08,1165.66,1193.14,1166.1144581186084,1198.3073245977303,1182.2108913581692,32.1928664791219,60.02,64.55,124.57,4.529999999999994,-0.9369637860563671,-2.81934540464772,9.49033380322578,1.138496941346659
2024-07-05 08:32:09,1158.29,1206.35,1164.1583435889563,1200.3179934482978,1182.238168518627,36.15964985934147,60.02,64.55,124.57,4.529999999999994,0.027277160457742866,0.96424094651411,9.49055277376635,0.970747772027554
2024-07-05 08:32:10,1163.82,1204.46,1164.0737576917172,1201.3534950862233,1182.7136263889702,37.27973739450613,60.02,64.55,124.57,4.529999999999994,0.4754578703432344,0.4481807098854915,9.494369566465446,0.7019255642801111
2024-07-05 08:32:11,1165.66,1200.69,1164.4703182687879,1201.1876213146675,1182.8289697917276,36.71730304587959,60.02,64.55,124.57,4.529999999999994,0.11534340275738941,-0.360114467585845,9.49529549888763,0.401222588949918
2024-07-05 08:32:12,1158.29,1202.58,1162.9252387015908,1201.5357159860005,1182.2304773437957,38.610477284409626,60.02,64.55,124.57,4.529999999999994,-0.5984924479319034,-0.7138358506892928,9.490491031976436,0.30132929824767996
2024-07-05 08:32:13,1165.66,1200.69,1163.6089290261932,1201.3242869895003,1182.4666080078468,37.71535796330704,60.02,64.55,124.57,4.529999999999994,0.23613066405118843,0.8346231119830918,9.492386598020875,0.272062698461384
2024-07-05 08:32:14,1156.45,1200.69,1161.8191967696448,1201.1657152421253,1181.492456005885,39.34651847248051,60.02,64.55,124.57,4.529999999999994,-0.9741520019617838,-1.2102826660129722,9.484566480864723,0.5302917110001042
2024-07-05 08:32:15,1167.51,1200.69,1163.2418975772337,1201.046786431594,1182.1443420044138,37.80488885436034,60.02,64.55,124.57,4.529999999999994,0.651885998528769,1.6260380004905528,9.489799570639915,0.4914325449871957
2024-07-05 08:32:16,1165.66,1196.91,1163.8464231829253,1200.0125898236954,1181.9295065033102,36.16616664077014,60.02,64.55,124.57,4.529999999999994,-0.21483550110360738,-0.8667214996323764,9.488074953963517,0.36755028558806796
2024-07-05 08:32:17,1165.66,1193.14,1164.299817387194,1198.2944423677716,1181.2971298774828,33.994624980577555,60.02,64.55,124.57,4.529999999999994,-0.632376625827419,-0.41754112472381166,9.482998477919919,0.4757587780707481
2024-07-05 08:32:18,1154.61,1193.14,1161.8773630403955,1197.0058317758287,1179.441597408112,35.128468735433216,60.02,64.55,124.57,4.529999999999994,-1.8555324693707007,-1.2231558435432817,9.46810297776358,1.0714822776529143
2024-07-05 08:32:19,1158.29,1198.8,1160.9805222802966,1197.4543738318716,1179.217448056084,36.47385155157508,60.02,64.55,124.57,4.529999999999994,-0.22414935202800734,1.6313831173426934,9.466303593078434,1.3856159689070449
2024-07-05 08:32:20,1165.66,1200.69,1162.1503917102225,1198.2632803739039,1180.206836042063,36.11288866368136,60.06,64.55,124.61,4.489999999999995,0.9893879859789649,1.2135373380069723,9.471204771453802,1.1722624699043613
2024-07-05 08:32:21,1165.66,1198.8,1163.0277937826668,1198.3974602804278,1180.7126270315473,35.369666497761045,60.06,64.55,124.61,4.489999999999995,0.5057909894842396,-0.4835969964947253,9.475263763392052,0.8666049889971874
2024-07-05 08:32:22,1169.35,1198.8,1164.6083453370002,1198.4980952103208,1181.5532202736604,33.889749873320625,60.06,64.55,124.61,4.489999999999995,0.8405932421130728,0.33480225262883323,9.48200955614839,0.9527789137040127
2024-07-05 08:32:23,1158.29,1200.69,1163.0287590027501,1199.0460714077408,1181.0374152052455,36.01731240499066,60.06,64.55,124.61,4.489999999999995,-0.5158050684149202,-1.356398310527993,9.47787020084564,0.889357550028291
2024-07-05 08:32:24,1167.51,1189.37,1164.1490692520626,1196.6270535558056,1180.388061403934,32.477984303742915,60.06,64.55,124.61,4.489999999999995,-0.649353801311463,-0.1335487328965428,9.472659111879263,0.5363775271837258
2024-07-05 08:32:25,1171.2,1198.8,1165.9118019390469,1197.170290166854,1181.5410460529506,31.25848822780722,60.06,64.55,124.61,4.489999999999995,1.1529846490166165,1.8023384503280795,9.48191185756391,0.5114773479554094
2024-07-05 08:32:26,1167.51,1198.8,1166.3113514542852,1197.5777176251406,1181.944534539713,31.266366170855463,60.06,64.55,124.61,4.489999999999995,0.4034884867623987,-0.7494961622542178,9.485149868024742,0.5995781931683474
2024-07-05 08:32:27,1158.29,1195.03,1164.306013590714,1196.9407882188555,1180.6234009047848,32.634774628141486,60.06,64.55,124.61,4.489999999999995,-1.3211336349281737,-1.7246221216905724,9.474547720329324,0.6413740830677761
2024-07-05 08:32:28,1165.66,1189.37,1164.6445101930356,1195.0480911641416,1179.8463006785887,30.403580971106066,60.06,64.55,124.61,4.489999999999995,-0.7771002261961257,0.544033408732048,9.468311461441917,0.8581891759861316
2024-07-05 08:32:29,1158.29,1204.46,1163.0558826447766,1197.4010683731062,1180.2284755089413,34.345185728329625,60.06,64.58,124.64,4.519999999999996,0.3821748303525965,1.1592750565487222,9.469098732668828,0.8831371735882295
2024-07-05 08:32:30,1156.45,1204.46,1161.4044119835823,1199.1658012798298,1180.2851066317062,37.761389296247444,60.06,64.58,124.64,4.519999999999996,0.05663112276488391,-0.32554370758771256,9.469553090196992,0.8081660782061759
2024-07-05 08:32:31,1167.51,1200.69,1162.9308089876868,1199.5468509598722,1181.2388299737795,36.616041972185485,60.06,64.58,124.64,4.519999999999996,0.9537233420733173,0.8970922193084334,9.477204914125277,0.5227047128996202
2024-07-05 08:32:32,1158.29,1200.69,1161.770606740765,1199.8326382199043,1180.8016224803346,38.06203147913925,60.06,64.58,124.64,4.519999999999996,-0.43720749344493015,-1.3909308355182475,9.473697151850429,0.5436190653237686
2024-07-05 08:32:33,1158.29,1202.58,1160.9004550555737,1200.519478664928,1180.709966860251,39.61902360935437,60.06,64.58,124.64,4.519999999999996,-0.09165562008365669,0.34555187336127346,9.47296178905078,0.4135507826193955
2024-07-05 08:32:34,1165.66,1200.69,1162.0903412916803,1200.5621089986962,1181.3262251451883,38.47176770701594,60.06,64.58,124.64,4.519999999999996,0.6162582849374303,0.707913905021087,9.477906094891546,0.42324214700628454
2024-07-05 08:32:35,1165.66,1191.26,1162.98275596876,1198.2365817490222,1180.6096688588912,35.253825780262105,60.06,64.58,124.64,4.519999999999996,-0.716556286297191,-1.3328145712346213,9.47215708750589,0.32388809748273
2024-07-05 08:32:36,1152.77,1200.69,1160.4295669765702,1198.8499363117667,1179.6397516441684,38.42036933519648,60.06,64.58,124.64,4.519999999999996,-0.9699172147227273,-0.25336092842553626,9.464375338412975,0.6125348359840966
2024-07-05 08:32:37,1163.82,1198.8,1161.2771752324277,1198.837452233825,1180.0573137331262,37.56027700139725,60.06,64.58,124.64,4.519999999999996,0.4175620889577658,1.387479303680493,9.46772548351573,0.6461085947265807
2024-07-05 08:32:38,1156.45,1200.69,1160.0703814243207,1199.3005891753687,1179.6854852998447,39.230207751048056,60.06,64.58,124.64,4.519999999999996,-0.3718284332815074,-0.7893905222392732,9.464742264402298,0.7097346718893511
2024-07-05 08:32:39,1163.82,1198.8,1161.0077860682404,1199.1754418815265,1180.0916139748833,38.167655813286046,60.06,64.58,124.64,4.519999999999996,0.40612867503864436,0.7779571083201517,9.468000678007723,0.39072588427354715
2024-07-05 08:32:40,1163.82,1198.8,1161.7108395511802,1199.081581411145,1180.3962104811626,37.37074185996471,60.06,64.58,124.64,4.519999999999996,0.3045965062792675,-0.10153216875937687,9.470444488211795,0.3138465328538322
2024-07-05 08:32:41,1165.66,1195.03,1162.698129663385,1198.0686860583587,1180.383407860872,35.37055639497362,60.06,64.58,124.64,4.519999999999996,-0.012802620290585764,-0.31739912656985325,9.470341771425948,0.29119362807604565
2024-07-05 08:32:42,1152.77,1200.69,1160.216097247539,1198.724014543769,1179.470055895654,38.50791729623006,60.06,64.58,124.64,4.519999999999996,-0.9133519652179984,-0.9005493449274127,9.463013851353018,0.4159309862793063
2024-07-05 08:32:43,1163.82,1198.8,1161.1170729356543,1198.7430109078268,1179.9300419217407,37.62593797217255,60.06,64.58,124.64,4.519999999999996,0.4599860260866535,1.373337991304652,9.466704368220766,0.3818993104621313
2024-07-05 08:32:44,1156.45,1198.8,1159.9503047017406,1198.7572581808702,1179.3537814413053,38.80695347912956,60.06,64.58,124.64,4.519999999999996,-0.5762604804353941,-1.0362465065220476,9.462080969024585,0.4908647342152777
2024-07-05 08:32:45,1167.51,1198.8,1161.8402285263055,1198.7679436356527,1180.3040860809792,36.92771510934722,60.06,64.58,124.64,4.519999999999996,0.9503046396739592,1.5265651201093533,9.46970536433949,0.46914562396407616
2024-07-05 08:32:46,1165.66,1200.69,1162.795171394729,1199.2484577267396,1181.0218145607344,36.45328633201052,60.06,64.58,124.64,4.519999999999996,0.7177284797551238,-0.2325761599188354,9.475463776358076,0.6779811369796355
2024-07-05 08:32:47,1154.61,1189.37,1160.7488785460469,1196.7788432950547,1178.7638609205508,36.02996474900783,60.06,64.58,124.64,4.519999999999996,-2.2579536401835867,-2.9756821199387105,9.45734797387037,0.8672696460375137
2024-07-05 08:32:48,1165.66,1196.91,1161.9766589095352,1196.811632471291,1179.394145690413,34.83497356175576,60.06,64.58,124.64,4.519999999999996,0.6302847698623282,2.888238410045915,9.462404815693263,0.8914983906635626
2024-07-05 08:32:49,1165.66,1198.8,1162.8974941821514,1197.3087243534683,1180.10310926781,34.4112301713169,60.06,64.58,124.64,4.519999999999996,0.7089635773968439,0.07867880753451573,9.468092905966921,0.86720716401567
2024-07-05 08:32:50,1165.66,1198.8,1163.5881206366134,1197.6815432651013,1180.6348319508575,34.093422628487815,60.11,64.58,124.69,4.469999999999999,0.5317226830475192,-0.17724089434932466,9.4685606101716,0.9153544106584878
2024-07-05 08:32:51,1171.2,1196.91,1165.4910904774601,1197.488657448826,1181.489873963143,31.997566971365814,60.11,64.58,124.69,4.469999999999999,0.855042012285594,0.3233193292380747,9.475417952423813,1.060506380426742
2024-07-05 08:32:52,1165.66,1193.14,1165.5333178580952,1196.4014930866194,1180.9674054723573,30.86817522852425,60.11,64.58,124.69,4.469999999999999,-0.5224684907857409,-1.3775105030713348,9.471227812985239,0.8055024416132325
2024-07-05 08:32:53,1158.29,1206.35,1163.7224883935714,1198.8886198149644,1181.305554104268,35.16613142139295,60.11,64.62,124.73,4.510000000000005,0.33814863191059885,0.8606171226963397,9.470901504316254,0.5527923969639329
2024-07-05 08:32:54,1165.66,1202.58,1164.2068662951785,1199.8114648612232,1182.0091655782007,35.604598566044615,60.11,64.62,124.73,4.510000000000005,0.7036114739328241,0.36546284202222523,9.476542580787767,0.522094424511858
2024-07-05 08:32:55,1169.35,1195.03,1165.4926497213837,1198.6160986459174,1182.0543741836505,33.123448924533704,60.11,64.62,124.73,4.510000000000005,0.04520860544971583,-0.6584028684831083,9.476905032524215,0.46552258019460846
2024-07-05 08:32:56,1158.29,1202.58,1163.6919872910378,1199.607073984438,1181.6495306377378,35.915086693400326,60.11,64.62,124.73,4.510000000000005,-0.4048435459126267,-0.45005215136234256,9.47365927334305,0.46453224983057084
2024-07-05 08:32:57,1163.82,1200.69,1163.7239904682783,1199.8778054883287,1181.8008979783035,36.15381502005039,60.11,64.62,124.73,4.510000000000005,0.15136734056568457,0.5562108864783113,9.474872833347476,0.30375179767978056
2024-07-05 08:32:58,1160.13,1198.8,1162.8254928512088,1199.6083541162466,1181.2169234837277,36.78286126503781,60.11,64.62,124.73,4.510000000000005,-0.5839744945758412,-0.7353418351415257,9.470190924505225,0.33785821258970256
2024-07-05 08:32:59,1154.61,1198.8,1160.7716196384065,1199.4062655871849,1180.0889426127956,38.63464594877837,60.11,64.62,124.73,4.510000000000005,-1.127980870932106,-0.5440063763562648,9.461147543908025,0.7740170431076826
2024-07-05 08:33:00,1163.82,1200.69,1161.5337147288049,1199.7271991903885,1180.6304569595968,38.193484461583694,60.11,64.62,124.73,4.510000000000005,0.5415143468012502,1.6694952177333562,9.465489036271208,0.7153767662574011
2024-07-05 08:33:01,1165.66,1187.49,1162.5652860466037,1196.6678993927915,1179.6165927196976,34.10261334618781,60.11,64.62,124.73,4.510000000000005,-1.0138642398992488,-1.555378586700499,9.45736056491892,0.8699009806570879
2024-07-05 08:33:02,1167.51,1200.69,1163.8014645349529,1197.6734245445937,1180.7374445397732,33.871960009640816,60.11,64.62,124.73,4.510000000000005,1.1208518200755861,2.134716059974835,9.46634678965306,0.618054417101277
2024-07-05 08:33:03,1169.35,1193.14,1165.1885984012147,1196.5400684084452,1180.86433340483,31.351470007230546,60.11,64.62,124.73,4.510000000000005,0.12688886505679875,-0.9939629550187874,9.467364097951302,0.5225643253355801
2024-07-05 08:33:04,1156.45,1200.69,1163.003948800911,1197.577551306334,1180.2907500536226,34.57360250542297,60.11,64.62,124.73,4.510000000000005,-0.5735833512073896,-0.7004722162641883,9.462765498202975,0.5010865374810652
2024-07-05 08:33:05,1165.66,1200.69,1163.6679616006834,1198.3556634797505,1181.0118125402169,34.68770187906716,60.11,64.62,124.73,4.510000000000005,0.7210624865942918,1.2946458378016814,9.468546484980921,0.5646187076348501
2024-07-05 08:33:06,1152.77,1200.69,1160.9434712005127,1198.9392476098128,1179.9413594051628,37.995776409300106,60.11,64.62,124.73,4.510000000000005,-1.0704531350540947,-1.7915156216483865,9.459964322498184,0.4424460366564651
2024-07-05 08:33:07,1163.82,1196.91,1161.6626034003846,1198.4319357073596,1180.047269553872,36.769332306975,60.11,64.62,124.73,4.510000000000005,0.10591014870919935,1.176363283763294,9.460813437770051,0.4826458349667022
2024-07-05 08:33:08,1158.29,1198.8,1160.8194525502884,1198.5239517805196,1179.671702165404,37.70449923023125,60.11,64.62,124.73,4.510000000000005,-0.3755673884679709,-0.48147753717717023,9.457802394833653,0.5089990048255478
2024-07-05 08:33:09,1165.66,1198.8,1162.0295894127162,1198.5929638353898,1180.3112766240529,36.56337442267363,60.11,64.62,124.73,4.510000000000005,0.6395744586488945,1.0151418471168654,9.462930066232044,0.5100704020880558
2024-07-05 08:33:10,1163.82,1193.14,1162.4771920595372,1197.2297228765424,1179.8534574680398,34.75253081700521,60.11,64.62,124.73,4.510000000000005,-0.45781915601310175,-1.0973936146619963,9.459259584773353,0.23753947810394938
2024-07-05 08:33:11,1163.82,1185.61,1162.812894044653,1194.3247921574068,1178.5688431010299,31.511898112753897,60.11,64.62,124.73,4.510000000000005,-1.2846143670099082,-0.8267952109968064,9.448960423731815,0.6703862369421145
2024-07-05 08:33:12,1165.66,1191.26,1163.5246705334896,1193.5585941180552,1178.5416323257723,30.033923584565628,60.11,64.62,124.73,4.510000000000005,-0.027210775257572095,1.257403591752336,9.448742266311474,0.796386214446434
2024-07-05 08:33:13,1163.82,1198.8,1163.5985029001172,1194.8689455885415,1179.2337242443293,31.270442688424282,60.11,64.62,124.73,4.510000000000005,0.6920919185570256,0.7193026938145977,9.454290986851907,0.7815183994237755
2024-07-05 08:33:14,1154.61,1198.8,1161.351377175088,1195.8517091914061,1178.601543183247,34.500332016318225,60.11,64.62,124.73,4.510000000000005,-0.6321810610822922,-1.3242729796393178,9.449222590668038,0.5765669091341686
2024-07-05 08:33:15,1154.61,1198.8,1159.666032881316,1196.5887818935546,1178.1274073874351,36.92274901223868,60.11,64.62,124.73,4.510000000000005,-0.4741357958118897,0.15804526527040252,9.445421293530135,0.3963142454415186
2024-07-05 08:33:16,1165.66,1198.8,1161.164524660987,1197.141586420166,1179.1530555405766,35.97706175917915,60.11,64.62,124.73,4.510000000000005,1.0256481531414465,1.4997839489533362,9.453644240254409,0.46038154170645135
2024-07-05 08:33:17,1163.82,1198.8,1161.82839349574,1197.5561898151245,1179.6922916554322,35.727796319384424,60.11,64.62,124.73,4.510000000000005,0.539236114855612,-0.48641203828583457,9.457967467309105,0.6062456909975494
2024-07-05 08:33:18,1165.66,1198.8,1162.786295121805,1197.8671423613434,1180.3267187415743,35.08084723953834,60.11,64.62,124.73,4.510000000000005,0.6344270861420682,0.09519097128645626,9.463053870588634,0.86900746663773
2024-07-05 08:33:19,1154.61,1196.91,1160.7422213413538,1197.6278567710076,1179.1850390561808,36.8856354296538,60.11,64.62,124.73,4.510000000000005,-1.1416796853934557,-1.7761067715355239,9.453900662248698,0.8089774832205574
2024-07-05 08:33:20,1163.82,1212.03,1161.5116660060153,1201.2283925782556,1181.3700292921353,39.716726572240304,60.11,64.67,124.78,4.560000000000002,2.1849902359545013,3.326669921347957,9.467623175384775,0.9280348784010327
2024-07-05 08:33:21,1165.66,1204.46,1162.5487495045115,1202.0362944336916,1182.2925219691015,39.4875449291801,60.11,64.67,124.78,4.560000000000002,0.9224926769661579,-1.2624975589883434,9.47501612833856,1.2604312964205044
2024-07-05 08:33:22,1152.77,1196.91,1160.1040621283837,1200.7547208252688,1180.4293914768264,40.6506586968851,60.11,64.67,124.78,4.560000000000002,-1.8631304922751042,-2.785623169241262,9.460084805391421,1.1716003209133434
2024-07-05 08:33:23,1173.04,1193.14,1163.3380465962878,1198.8510406189516,1181.0945436076197,35.51299402266386,60.15,64.67,124.82,4.520000000000003,0.6651521307933308,2.528282623068435,9.462382103390784,1.1572763783218587
2024-07-05 08:33:24,1163.82,1198.8,1163.4585349472159,1198.8382804642138,1181.1484077057148,35.3797455169979,60.15,64.67,124.82,4.520000000000003,0.05386409809511861,-0.6112880326982122,9.462813637581327,0.672254364289679
2024-07-05 08:33:25,1173.04,1200.69,1165.853901210412,1199.3012103481603,1182.5775557792863,33.447309137748334,60.15,64.67,124.82,4.520000000000003,1.4291480735714686,1.37528397547635,9.474263309606018,0.8976458471571607
2024-07-05 08:33:26,1165.66,1202.58,1165.805425907809,1200.1209077611202,1182.9631668344646,34.31548185331121,60.15,64.67,124.82,4.520000000000003,0.38561105517828764,-1.043537018393181,9.477352646668098,1.0763951212276452
2024-07-05 08:33:27,1158.29,1202.58,1163.9265694308567,1200.7356808208401,1182.3311251258483,36.8091113899834,60.15,64.67,124.82,4.520000000000003,-0.6320417086162706,-1.0176527637945583,9.47228902141932,0.8534239611038377
2024-07-05 08:33:28,1169.35,1200.69,1165.2824270731426,1200.72426061563,1183.0033438443863,35.44183354248753,60.15,64.67,124.82,4.520000000000003,0.6722187185380335,1.3042604271543041,9.477674526251498,0.7556160348631422
2024-07-05 08:33:29,1169.35,1200.69,1166.2993203048568,1200.7156954617226,1183.5075078832897,34.4163751568658,60.15,64.67,124.82,4.520000000000003,0.5041640389033546,-0.1680546796346789,9.48171365487563,0.44960339301214586
2024-07-05 08:33:30,1169.35,1189.37,1167.0619902286426,1197.8792715962918,1182.4706309124672,30.81728136764923,60.15,64.67,124.82,4.520000000000003,-1.0368769708225045,-1.5410410097258591,9.473406677127548,0.4694829227257407
2024-07-05 08:33:31,1158.29,1200.69,1164.868992671482,1198.581953697219,1181.7254731843504,33.71296102573706,60.15,64.67,124.82,4.520000000000003,-0.7451577281167374,0.2917192427057671,9.467436818754315,0.6781950300310832
2024-07-05 08:33:32,1165.66,1200.69,1165.0667445036115,1199.1089652729142,1182.0878548882629,34.04222076930273,60.15,64.67,124.82,4.520000000000003,0.3623817039124333,1.1075394320291707,9.470340053019731,0.710925877922061
2024-07-05 08:33:33,1167.51,1198.8,1165.6775583777087,1199.0317239546857,1182.3546411661973,33.35416557697704,60.15,64.67,124.82,4.520000000000003,0.2667862779344432,-0.09559542597799009,9.472477421036052,0.6674150408685804
2024-07-05 08:33:34,1163.82,1200.69,1165.2131687832814,1199.4462929660144,1182.3297308746478,34.233124182733036,60.15,64.67,124.82,4.520000000000003,-0.024910291549531394,-0.2916965694839746,9.472277851324868,0.29645266176786683
2024-07-05 08:33:35,1165.66,1200.69,1165.324876587461,1199.7572197245108,1182.541048155986,34.432343137049884,60.15,64.67,124.82,4.520000000000003,0.21131728133809702,0.2362275728876284,9.473970827447646,0.31405006595384183
2024-07-05 08:33:36,1158.29,1191.26,1163.5661574405958,1197.6329147933832,1180.5995361169894,34.06675735278736,60.15,64.67,124.82,4.520000000000003,-1.9415120389965068,-2.152829320334604,9.458416332787799,0.7897346242513676
2024-07-05 08:33:37,1152.77,1193.14,1160.8671180804467,1196.5096860950375,1178.6884020877421,35.64256801459078,60.15,64.67,124.82,4.520000000000003,-1.9111340292472505,0.030378009749256307,9.443105212663331,1.6601108252271404
2024-07-05 08:33:38,1169.35,1200.69,1162.9878385603351,1197.5547645712782,1180.2713015658067,34.56692601094301,60.15,64.67,124.82,4.520000000000003,1.582899478064519,3.4940335073117694,9.455786669684507,1.5900389573760303
2024-07-05 08:33:39,1165.66,1195.03,1163.6558789202513,1196.9235734284587,1180.289726174355,33.26769450820734,60.15,64.67,124.82,4.520000000000003,0.0184246085484574,-1.5644748695160615,9.455934279109284,1.3740242617014182
2024-07-05 08:33:40,1165.66,1196.91,1164.1569091901886,1196.920180071344,1180.5385446307664,32.76327088115545,60.15,64.67,124.82,4.520000000000003,0.24881845641129985,0.23039384786284245,9.457927697266774,0.7901385743164677
2024-07-05 08:33:41,1165.66,1193.14,1164.5326818926414,1195.975135053508,1180.2539084730747,31.442453160866535,60.15,64.67,124.82,4.520000000000003,-0.28463615769169337,-0.5334546141029932,9.455647324286392,0.746991277872523
2024-07-05 08:33:42,1167.51,1200.69,1165.2770114194811,1197.1538512901311,1181.2154313548062,31.876839870649974,60.15,64.67,124.82,4.520000000000003,0.9615228817315256,1.246159039423219,9.463350599995639,0.40910176931860986
2024-07-05 08:33:43,1165.66,1198.8,1165.3727585646109,1197.5653884675983,1181.4690735161046,32.19262990298739,60.15,64.67,124.82,4.520000000000003,0.2536421612983304,-0.7078807204331952,9.465382663441131,0.5559472924573446
2024-07-05 08:33:44,1169.35,1200.69,1166.3670689234582,1198.3465413506988,1182.3568051370785,31.97947242724058,60.15,64.67,124.82,4.520000000000003,0.8877316209739092,0.6340894596755788,9.472494757767857,0.8273334051118618
2024-07-05 08:33:45,1156.45,1196.91,1163.8878016925937,1197.9874060130242,1180.937603852809,34.099604320430444,60.15,64.67,124.82,4.520000000000003,-1.4192012842695476,-2.306932905243457,9.4611247748092,0.7687549151383021
2024-07-05 08:33:46,1165.66,1196.91,1164.3308512694452,1197.718054509768,1181.0244528896067,33.38720324032283,60.15,64.67,124.82,4.520000000000003,0.08684903679773015,1.5060503210672778,9.46182056904171,0.57209185659147
2024-07-05 08:33:47,1165.66,1198.8,1164.663138452084,1197.988540882326,1181.325839667205,33.32540243024209,60.15,64.67,124.82,4.520000000000003,0.3013867775982817,0.21453774080055155,9.464235140225684,0.5652441626641185
2024-07-05 08:33:48,1158.29,1198.8,1163.069853839063,1198.1914056617445,1180.6306297504038,35.12155182268157,60.15,64.67,124.82,4.520000000000003,-0.6952099168011046,-0.9965966943993863,9.458665440568327,0.6638379492070516
2024-07-05 08:33:49,1165.66,1195.03,1163.7173903792973,1197.4010542463084,1180.5592223128028,33.68366386701109,60.15,64.67,124.82,4.520000000000003,-0.07140743760101032,0.6238024792000942,9.458093357272148,0.31097939348979037
2024-07-05 08:33:50,1154.61,1202.58,1161.4405427844729,1198.6957906847313,1180.068166734602,37.25524790025838,60.15,64.69,124.84,4.539999999999999,-0.49105557820075774,-0.4196481405997474,9.45264464339921,0.47917704515351756
2024-07-05 08:33:51,1154.61,1200.69,1159.7329070883545,1199.1943430135484,1179.4636250509516,39.46143592519388,60.15,64.69,124.84,4.539999999999999,-0.6045416836504955,-0.1134861054497378,9.44780211152795,0.6932137733222327
2024-07-05 08:33:52,1158.29,1193.14,1159.372180316266,1197.6807572601613,1178.5264687882136,38.30857694389533,60.15,64.69,124.84,4.539999999999999,-0.9371562627379717,-0.33261457908747616,9.440295252706811,0.8747850563648769
2024-07-05 08:33:53,1158.29,1204.46,1159.1016352371994,1199.375567945121,1179.2386015911602,40.27393270792163,60.15,64.69,124.84,4.539999999999999,0.7121328029465985,1.6492890656845702,9.445999616670623,0.7805160796314828
2024-07-05 08:33:54,1160.13,1202.58,1159.3587264278995,1200.1766759588409,1179.7677011933702,40.817949530941405,60.15,64.69,124.84,4.539999999999999,0.5290996022099534,-0.18303320073664509,9.450237838378182,0.5860826819895916
2024-07-05 08:33:55,1160.13,1200.69,1159.5515448209246,1200.3050069691308,1179.9282758950276,40.753462148206154,60.15,64.69,124.84,4.539999999999999,0.16057470165742416,-0.3685249005525293,9.451524082373465,0.5491582458887284
2024-07-05 08:33:56,1165.66,1200.69,1161.0786586156935,1200.4012552268482,1180.7399569212707,39.32259661115472,60.15,64.69,124.84,4.539999999999999,0.81168102624315,0.6511063245857258,9.45802585279754,0.8231628115465545
2024-07-05 08:33:57,1163.82,1189.37,1161.76399396177,1197.6434414201362,1179.703717690953,35.87944745836626,60.15,64.69,124.84,4.539999999999999,-1.036239230317733,-1.847920256560883,9.449725314332166,0.5470009779729885
2024-07-05 08:33:58,1165.66,1198.8,1162.7379954713274,1197.932581065102,1180.3352882682148,35.19458559377472,60.15,64.69,124.84,4.539999999999999,0.6315705772617548,1.6678098075794878,9.454784354481179,0.4363860574281432
2024-07-05 08:33:59,1165.66,1200.69,1163.4684966034956,1198.6219357988266,1181.045216201161,35.153439195330975,60.15,64.69,124.84,4.539999999999999,0.709927932946357,0.07835735568460223,9.460471056878324,0.5547835708318318
2024-07-05 08:34:00,1163.82,1200.69,1163.5563724526216,1199.13895184912,1181.3476621508707,35.58257939649843,60.15,64.69,124.84,4.539999999999999,0.3024459497096359,-0.40748198323672113,9.462893725472421,0.6411498451491784
2024-07-05 08:34:01,1173.04,1198.8,1165.9272793394662,1199.05421388684,1182.490746613153,33.12693454737382,60.2,64.69,124.89,4.489999999999995,1.1430844622823315,0.8406385125726956,9.468257964167629,1.056672993250645
2024-07-05 08:34:02,1167.51,1198.8,1166.3229595045996,1198.99066041513,1182.6568099598649,32.66770091053036,60.2,64.69,124.89,4.489999999999995,0.16606334671178047,-0.977021115570551,9.469587641046338,0.9846500767967074
2024-07-05 08:34:03,1158.29,1200.69,1164.3147196284497,1199.4154953113475,1181.8651074698987,35.10077568289785,60.2,64.69,124.89,4.489999999999995,-0.7917024899661556,-0.957765836677936,9.463248442682763,0.699447703757287
2024-07-05 08:34:04,1163.82,1193.14,1164.1910397213371,1197.8466214835107,1181.0188306024238,33.6555817621736,60.2,64.69,124.89,4.489999999999995,-0.8462768674748986,-0.054574377508743055,9.456472264760603,0.7073853895654579
2024-07-05 08:34:05,1171.2,1198.8,1165.9432797910029,1198.084966112633,1182.014122951818,32.14168632163023,60.2,64.69,124.89,4.489999999999995,0.9952923493942762,1.8415692168691749,9.464441616521551,0.6428266114492581
2024-07-05 08:34:06,1165.66,1200.69,1165.872459843252,1198.7362245844747,1182.3043422138635,32.86376474122267,60.2,64.69,124.89,4.489999999999995,0.2902192620454116,-0.7050730873488646,9.466765415542461,0.6126067585879209
2024-07-05 08:34:07,1169.35,1198.8,1166.7418448824392,1198.752168438356,1182.7470066603976,32.010323555916784,60.2,64.69,124.89,4.489999999999995,0.44266444653408143,0.15244518448866984,9.470309850188869,0.6385961366595805
2024-07-05 08:34:08,1165.66,1196.91,1166.4713836618293,1198.291626328767,1182.3815049952982,31.820242666937702,60.2,64.69,124.89,4.489999999999995,-0.365501665099373,-0.8081661116334544,9.467383261493433,0.6549211269782261
2024-07-05 08:34:09,1158.29,1193.14,1164.426037746372,1197.0037197465754,1180.7148787464737,32.57768200020337,60.2,64.69,124.89,4.489999999999995,-1.6666262488245138,-1.3011245837251408,9.454038508226722,0.7814547085434582
2024-07-05 08:34:10,1165.66,1200.69,1164.734528309779,1197.9252898099317,1181.3299090598553,33.190761500152576,60.2,64.69,124.89,4.489999999999995,0.6150303133815669,2.2816565622060807,9.45896308432134,0.8429377286503533
2024-07-05 08:34:11,1156.45,1200.69,1162.6633962323342,1198.6164673574488,1180.6399317948915,35.95307112511455,60.2,64.69,124.89,4.489999999999995,-0.6899772649637725,-1.3050075783453394,9.45343840452761,0.9614465057326324
2024-07-05 08:34:12,1158.29,1195.03,1161.5700471742507,1197.7198505180866,1179.6449488461685,36.149803343835856,60.2,64.69,124.89,4.489999999999995,-0.9949829487229636,-0.305005683759191,9.44547153015211,1.0059595862283772
2024-07-05 08:34:13,1158.29,1198.8,1160.7500353806881,1197.989887888565,1179.3699616346266,37.239852507876776,60.2,64.69,124.89,4.489999999999995,-0.2749872115418839,0.7199957371810797,9.443269694862334,0.8115546213877387
2024-07-05 08:34:14,1158.29,1196.91,1160.135026535516,1197.7199159164236,1178.9274712259698,37.5848893809075,60.2,64.69,124.89,4.489999999999995,-0.4424904086567949,-0.16750319711491102,9.439726653745241,0.9810654247219499
2024-07-05 08:34:15,1165.66,1187.49,1161.516269901637,1195.1624369373176,1178.3393534194774,33.64616703568049,60.2,64.69,124.89,4.489999999999995,-0.5881178064923915,-0.14562739783559664,9.435017567334935,0.8581026300947522
2024-07-05 08:34:16,1158.29,1187.49,1160.7097024262278,1193.2443277029881,1176.977015064608,32.53462527676038,60.2,64.69,124.89,4.489999999999995,-1.3623383548695074,-0.7742205483771158,9.42410926127391,1.0583740859927726
2024-07-05 08:34:17,1156.45,1195.03,1159.6447768196708,1193.690745777241,1176.6677612984558,34.04596895757027,60.2,64.69,124.89,4.489999999999995,-0.30925376615209643,1.053084588717411,9.42163305210043,1.1892919250387783
2024-07-05 08:34:18,1165.66,1198.8,1161.1485826147532,1194.9680593329308,1178.058320973842,33.81947671817761,60.2,64.69,124.89,4.489999999999995,1.3905596753861573,1.6998134415382538,9.432767327576865,0.947089086015947
2024-07-05 08:34:19,1152.77,1189.37,1159.053936961065,1193.568544499698,1176.3112407303815,34.51460753863307,60.2,64.69,124.89,4.489999999999995,-1.7470802434604593,-3.1376399188466166,9.418778375463233,0.8849738601883572
2024-07-05 08:34:20,1167.51,1198.8,1161.1679527207987,1194.8764083747735,1178.022180547786,33.70845565397485,60.2,64.69,124.89,4.489999999999995,1.710939817404551,3.4580200608650102,9.432477949518042,0.7961347849550414
2024-07-05 08:34:21,1158.29,1195.03,1160.448464540599,1194.91480628108,1177.6816354108396,34.466341740481084,60.2,64.69,124.89,4.489999999999995,-0.3405451369465027,-2.0514849543510536,9.429751188894935,0.8074623986109936
2024-07-05 08:34:22,1154.61,1196.91,1158.988848405449,1195.41360471081,1177.2012265581295,36.424756305360916,60.2,64.69,124.89,4.489999999999995,-0.4804088527100703,-0.1398637157635676,9.42590453304688,0.7262299528511286
2024-07-05 08:34:23,1163.82,1185.61,1160.1966363040867,1192.9627035331075,1176.5796699185971,32.76606722902079,60.2,64.69,124.89,4.489999999999995,-0.6215566395324004,-0.1411477868223301,9.42092770035767,0.7201268039967395
2024-07-05 08:34:24,1165.66,1193.14,1161.562477228065,1193.0070276498307,1177.2847524389479,31.444550421765598,60.2,64.69,124.89,4.489999999999995,0.7050825203507429,1.3266391598831433,9.426573328628189,0.5434915306317
2024-07-05 08:34:25,1154.61,1196.91,1159.8243579210487,1193.982770737373,1176.903564329211,34.158412816324244,60.2,64.69,124.89,4.489999999999995,-0.3811881097369678,-1.0862706300877107,9.423521137846823,0.4145658378184232
2024-07-05 08:34:26,1165.66,1196.91,1161.2832684407865,1194.7145780530298,1177.9989232469081,33.43130961224324,60.2,64.69,124.89,4.489999999999995,1.09535891769724,1.4765470274342078,9.4322917272369,0.5286641884578287
2024-07-05 08:34:27,1165.66,1191.26,1162.3774513305898,1193.8509335397723,1178.114192435181,31.47348220918252,60.2,64.69,124.89,4.489999999999995,0.11526918827280497,-0.9800897294244351,9.433214692945523,0.6705640126944702
2024-07-05 08:34:28,1165.66,1196.91,1163.1980884979423,1194.6157001548293,1178.9068943263858,31.417611656886947,60.2,64.69,124.89,4.489999999999995,0.7927018912048425,0.6774327029320375,9.439561893560924,0.7784438560013842
2024-07-05 08:34:29,1163.82,1189.37,1163.3535663734567,1193.304275116122,1178.3289207447892,29.950708742665256,60.2,64.69,124.89,4.489999999999995,-0.5779735815965523,-1.3706754728013948,9.434934032427378,0.7302581180192919
2024-07-05 08:34:30,1167.51,1193.14,1164.3926747800926,1193.2632063370916,1178.8279405585922,28.870531556998912,60.2,64.69,124.89,4.489999999999995,0.4990198138029882,1.0769933953995405,9.438929707099549,0.41274055887916966
2024-07-05 08:34:31,1165.66,1195.03,1164.7095060850695,1193.7049047528187,1179.207205418944,28.995398667749214,60.2,64.69,124.89,4.489999999999995,0.37926486035189555,-0.11975495345109266,9.441966498334356,0.4457195754290268
2024-07-05 08:34:32,1165.66,1200.69,1164.947129563802,1195.451178564614,1180.199154064208,30.504049000812074,60.2,64.69,124.89,4.489999999999995,0.9919486452638466,0.6126837849119511,9.449909076902065,0.6937801160559325
2024-07-05 08:34:33,1167.51,1015.16,1165.5878471728515,1150.3783839234607,1157.983115548156,15.209463249390865,60.2,65.44,125.64,5.239999999999995,-22.216038516051867,-23.207987161315714,9.216675472234007,9.486830568880299
2024-07-05 08:34:34,1158.29,1035.25,1163.7633853796387,1121.5962879425956,1142.6798366611172,42.16709743704314,60.2,66.56,126.76,6.359999999999999,-15.303278887038914,6.912759629012953,9.01451426038658,16.829071164479135
2024-07-05 08:34:35,1136.24,914.1,1156.882539034729,1069.7222159569467,1113.3023774958378,87.16032307778232,59.97,67.69,127.66,7.719999999999999,-29.377459165279333,-14.07418027824042,8.720839485939202,27.927732659930733
2024-07-05 08:34:36,1038.16,541.75,1127.2019042760467,937.7291619677101,1032.4655331218783,189.4727423083366,58.82,68.98,127.80000000000001,10.160000000000004,-80.8368443739596,-51.45938520868026,8.07875997686321,57.328744288287226
2024-07-05 08:34:37,1020.2,712.96,1100.451428207035,881.5368714757826,990.9941498414088,218.91455673125233,57.79,70.27,128.06,12.479999999999997,-41.47138328046947,39.365461093490126,7.738514306597645,72.4924430036206
2024-07-05 08:34:38,963.18,581.43,1066.1335711552763,806.510153606837,936.3218623810567,259.6234175484393,56.7,71.49,128.19,14.789999999999992,-54.672287460352095,-13.200904179882627,7.304172361938407,85.25577098004912
2024-07-05 08:34:39,847.68,439.38,1011.5201783664571,714.7276152051278,863.1238967857925,296.7925631613293,55.55,72.76,128.31,17.210000000000008,-73.19796559526424,-18.52567813491214,6.726863767897504,94.8006188146019
2024-07-05 08:34:40,746.83,302.26,945.3476337748428,611.6107114038459,778.4791725893444,333.7369223709969,54.37,74.05,128.42,19.68,-84.64472419644801,-11.446758601183774,6.061977624414943,101.51073948100846
2024-07-05 08:34:41,630.1,48.51,866.5357253311321,470.83553355288444,668.6856294420082,395.70019177824764,53.17,75.34,128.51,22.17,-109.79354314733621,-25.1488189508882,5.203374245106482,127.92815558736775
2024-07-05 08:34:42,521.37,84.65,780.244293998349,374.28915016466334,577.2667220815061,405.95514383368567,51.97,75.34,127.31,23.370000000000005,-91.41890736050209,18.37463578683412,4.534339152832983,144.63847798846032
2024-07-05 08:34:43,417.11,89.01,689.4607204987618,302.9693626234975,496.2150415611296,386.4913578752643,50.77,75.34,126.11000000000001,24.57,-81.05168052037652,10.367226840125568,3.9347794594112293,148.0193245420341
2024-07-05 08:34:44,314.16,83.2,595.6355403740713,248.0270219676231,421.8312811708472,347.6085184064482,49.54,75.45,124.99000000000001,25.910000000000004,-74.38376039028242,6.667920130094103,3.3749202159846945,140.48396973640675
2024-07-05 08:34:45,215.61,71.59,500.6291552805535,203.91776647571734,352.27346087813544,296.71138880483613,48.34,75.45,123.79,27.11,-69.55782029271177,4.825940097570651,2.845734372989749,124.81970629652507
2024-07-05 08:34:46,118.45,41.33,405.08436646041514,163.270824856788,284.1775956586016,241.81354160362713,47.12,75.45,122.57,28.330000000000005,-68.09586521953383,1.4619550731779327,2.318492235784526,115.51810033576727
2024-07-05 08:34:47,107.05,15.63,330.57577484531134,126.360618642591,228.46819674395118,204.21515620272032,47.12,75.45,122.57,28.330000000000005,-55.70939891465042,12.386466304883413,1.8639813566123018,106.57035496951133
2024-07-05 08:34:48,101.36,5.68,273.2718311339835,96.19046398194325,184.73114755796337,177.08136715204023,47.12,75.45,122.57,28.330000000000005,-43.737049185987814,11.972349728662607,1.5071481280151362,94.95626966031911
2024-07-05 08:34:49,92.85,-2.81,228.16637335048762,71.44034798645744,149.80336066847252,156.7260253640302,47.12,75.45,122.57,28.330000000000005,-34.92778688949085,8.809262296496968,1.2221861748085694,80.43629868368794
2024-07-05 08:34:50,84.36,-7.05,192.2147800128657,51.81776098984308,122.0162705013544,140.3970190230226,47.12,75.45,122.57,28.330000000000005,-27.787090167118123,7.140696722372724,0.9954823325925762,64.30559484267503
