time,force_left_raw,force_right_raw,force_left,force_right,dis_left,dis_right,force_avg,force_sum,force_diff,force_diff_ratio,total_delta_dis,dis_diff,left_force_rate,right_force_rate,force_rate,force_rate_diff,force_rate_ratio,left_force_acc,right_force_acc,force_acc,left_dis_rate,right_dis_rate,dis_rate_diff,stiffness_ratio,force_std_5s,force_diff_std_5s,force_rate_std_5s
2024-03-17 07:36:10,279.34,432.47,279.34,432.47,-0.14,15.6,355.905,711.81,153.13000000000005,0.4302552635387106,15.46,15.74,0.0,0.0,0.0,0.0,0.0,0.0,0.0,0.0,0.0,0.0,0.0,23.021020503168145,0.0,0.0,0.0
2024-03-17 07:36:11,217.8,440.61,263.955,434.505,0.08,16.45,349.23,698.46,170.55,0.4883601051216674,16.529999999999998,16.37,-15.384999999999993,2.034999999999968,-6.6749999999999545,17.41999999999996,2.6097374367434667,-15.384999999999993,2.034999999999968,-6.6749999999999545,0.22,0.8499999999999996,0.6299999999999997,21.12704046418388,0.0,0.0,0.0
2024-03-17 07:36:12,216.46,441.97,252.08125,436.37125,0.08,17.3,344.22625,688.4525,184.29,0.535374624871361,17.38,17.220000000000002,-11.873749999999973,1.8662499999999795,-5.003750000000025,13.739999999999952,2.745939995815116,3.511250000000018,-0.1687499999999886,1.6712499999999295,0.0,0.8500000000000014,0.8500000000000014,19.80588205950045,0.0,0.0,0.0
2024-03-17 07:36:13,225.81,444.68,245.5134375,438.4484375,0.47,18.15,341.9809375,683.961875,192.935,0.5641688710670639,18.62,17.68,-6.567812500000002,2.0771875000000364,-2.245312500000012,8.645000000000039,3.850241848187344,5.30593749999997,0.2109375000000568,2.7584375000000136,0.3899999999999999,0.8499999999999979,0.4599999999999979,18.366322187630388,0.0,0.0,0.0
2024-03-17 07:36:14,220.47,456.9,239.252578125,443.0613281250001,0.47,18.99,341.15695312500003,682.3139062500001,203.80875000000003,0.5974046477309222,19.46,18.52,-6.260859374999996,4.612890625000034,-0.8239843749999523,10.87375000000003,13.19653276613151,0.3069531250000068,2.5357031249999977,1.4213281250000591,0.0,0.8399999999999999,0.8399999999999999,17.531188879435312,6.1246824346685,19.744812063868807,2.820130325444238
2024-03-17 07:36:15,288.72,463.69,251.61943359375,448.2184960937501,0.77,19.82,349.91896484375,699.8379296875,196.59906250000003,0.5618416881918535,20.59,19.05,12.366855468750003,5.157167968750002,8.762011718749989,7.209687500000001,0.8228346307432152,18.62771484375,0.5442773437499682,9.58599609374994,0.3,0.8300000000000018,0.5300000000000018,16.99460650068691,4.065515164987989,12.777808823888536,6.019132900936397
2024-03-17 07:36:16,296.77,478.65,262.9070751953125,455.8263720703126,1.75,20.66,359.3667236328125,718.733447265625,192.9192968750001,0.5368312747155927,22.41,18.91,11.287641601562456,7.607875976562525,9.447758789062505,3.67976562499993,0.3894855190179503,-1.0792138671875475,2.4507080078125227,0.6857470703125159,0.98,0.8399999999999999,0.1400000000000001,16.035997661616012,7.548802821994235,7.062081522706296,6.637775508964141
2024-03-17 07:36:17,302.14,484.09,272.7153063964844,462.8922790527344,2.71,21.51,367.80379272460937,735.6075854492187,190.17697265625003,0.5170609327609159,24.22,18.8,9.808231201171909,7.065906982421836,8.437069091796843,2.7423242187500705,0.3250327648002314,-1.4794104003905488,-0.5419689941406887,-1.0106896972656614,0.96,0.8500000000000014,0.1099999999999985,15.18595282983718,11.470637822382502,5.281856427332556,5.7392814150013125
2024-03-17 07:36:18,310.2,493.62,282.08647979736327,470.5742092895508,3.67,22.36,376.330344543457,752.6606890869141,188.48772949218755,0.5008571105792524,26.03,18.69,9.371173400878888,7.681930236816413,8.526551818847679,1.689243164062475,0.1981156042719228,-0.4370578002930187,0.6160232543945767,0.0894827270508358,0.96,0.8499999999999979,0.1100000000000021,14.457561662923371,13.953366911100114,6.089782904159426,4.319195922793175
2024-03-17 07:36:19,319.61,496.34,291.46735984802245,477.0156569671631,4.63,23.18,384.2415084075928,768.4830168151856,185.54829711914067,0.4828949829111673,27.81,18.55,9.380880050659188,6.441447677612302,7.911163864135744,2.939432373046884,0.3715549383090757,0.0097066497802984,-1.2404825592041109,-0.6153879547119345,0.96,0.8200000000000003,0.1399999999999996,13.816666472165636,13.542370125146109,4.225554774485023,0.5590056306776094
2024-03-17 07:36:20,327.68,494.98,300.52051988601687,481.5067427253724,5.58,24.03,391.0136313056946,782.0272626113892,180.9862228393555,0.4628642274493908,29.61,18.450000000000003,9.053160037994417,4.491085758209238,6.772122898101827,4.562074279785179,0.6736548752547029,-0.3277200126647699,-1.9503619194030648,-1.1390409660339174,0.9500000000000002,0.8500000000000014,0.0999999999999987,13.205458226958338,12.619180865325196,4.573633529780176,0.97982228287373
2024-03-17 07:36:21,335.75,501.79,309.32788991451264,486.5775570440293,6.57,24.88,397.95272347927096,795.9054469585419,177.24966712951664,0.4454038287121952,31.45,18.31,8.807370028495768,5.070814318656915,6.939092173576341,3.7365557098388535,0.5384789649557434,-0.2457900094986485,0.579728560447677,0.1669692754745142,0.9900000000000002,0.8499999999999979,0.1400000000000023,12.653504318784313,11.870716022121266,5.34187153762888,0.8230289142340234
2024-03-17 07:36:22,345.18,514.05,318.29091743588447,493.445667783022,7.53,25.73,405.8682926094532,811.7365852189064,175.1547503471375,0.4315556378879898,33.26,18.2,8.963027521371828,6.868110738992698,7.915569130182234,2.09491678237913,0.2646577249554228,0.1556574928760596,1.7972964203357833,0.9764769566058932,0.96,0.8500000000000014,0.1099999999999985,12.202894780714326,11.513574879508145,5.5634406420573566,0.737606382687306
2024-03-17 07:36:23,350.57,465.05,326.36068807691333,486.3467508372665,8.48,26.08,406.35371945708994,812.7074389141799,159.98606276035315,0.3937113276098264,34.56,17.599999999999998,8.069770641028867,-7.098916945755491,0.4854268476367451,15.168687586784358,31.248078701359084,-0.8932568803429604,-13.967027684748189,-7.430142282545489,0.9500000000000002,0.3499999999999978,0.6000000000000023,11.7579197829621,9.56066319387391,9.676305751535198,3.1309115311590587
2024-03-17 07:36:24,360.0,463.69,334.770516057685,480.6825631279499,9.44,26.08,407.7265395928174,815.4530791856348,145.91204707026492,0.3578674247158767,35.52,16.64,8.409827980771638,-5.664187709316593,1.3728201357274656,14.074015690088231,10.251893217414905,0.3400573397427706,1.4347292364388975,0.8873932880907205,0.9599999999999992,0.0,0.9599999999999992,11.478787390597692,7.133671481941037,14.64059815723499,3.481372566616085
2024-03-17 07:36:25,364.05,473.21,342.0903870432637,478.8144223459624,10.4,26.49,410.45240469461305,820.9048093892261,136.72403530269872,0.3331056985067956,36.89,16.089999999999996,7.319870985578746,-1.8681407819874492,2.725865101795648,9.188011767566197,3.370676117038048,-1.0899569951928925,3.796046927329144,1.3530449660681825,0.9600000000000009,0.4100000000000001,0.5500000000000007,11.1263863802718,4.66808033896159,17.76591964166069,3.3460673774443936
2024-03-17 07:36:26,369.44,466.41,348.9277902824478,475.7133167594719,11.36,26.49,412.32055352095983,824.6411070419197,126.78552647702406,0.3074926173019082,37.85,15.13,6.837403239184084,-3.101105586490576,1.8681488263467827,9.93850882567466,5.319974172044692,-0.4824677463946614,-1.2329648045031265,-0.8577162754488654,0.9599999999999992,0.0,0.9599999999999992,10.893541416840648,2.762668317629051,19.094788832529005,2.9329985327884187
2024-03-17 07:36:27,373.49,518.14,355.06834271183584,486.3199875696039,12.32,26.52,420.6941651407199,841.3883302814397,131.25164485776804,0.3119882694400499,38.84,14.2,6.140552429388038,10.606670810132016,8.373611619760027,4.466118380743978,0.5333562207314015,-0.6968508097960466,13.707776396622592,6.505462793413244,0.9600000000000009,0.0300000000000011,0.9299999999999996,10.831466382833508,5.63529490115351,13.192763532167897,3.1303620891176567
2024-03-17 07:36:28,384.29,533.15,362.37375703387687,498.0274906772029,13.27,27.37,430.2006238555399,860.4012477110798,135.653733643326,0.3153266773819265,40.64,14.1,7.305414322041031,11.707503107598995,9.506458714820042,4.4020887855579645,0.4630628980308361,1.1648618926529934,1.1008322974669795,1.132847095060015,0.9499999999999992,0.8500000000000014,0.0999999999999978,10.585645011562375,9.166084009676997,7.135264520517678,3.8587599916625632
2024-03-17 07:36:29,391.04,534.52,369.5403177754076,507.15061800790215,14.26,28.19,438.3454678916549,876.6909357833098,137.61030023249452,0.3139311570402189,42.45,13.93,7.166560741530759,9.123127330699276,8.14484403611499,1.956566589168517,0.2402214628385097,-0.1388535805102719,-2.5843757768997198,-1.3616146787050525,0.9900000000000002,0.8200000000000003,0.1699999999999999,10.326159188822045,11.857042120232524,4.528013368401006,3.544191719718828
2024-03-17 07:36:30,397.8,539.98,376.6052383315557,515.3579635059266,15.22,29.04,445.9816009187412,891.9632018374823,138.75272517437088,0.3111175989713852,44.26,13.82,7.064920556148081,8.207345498024438,7.6361330270862595,1.1424249418763566,0.1496077645866405,-0.1016401853826778,-0.9157818326748384,-0.5087110090287297,0.9600000000000009,0.8499999999999979,0.1100000000000029,10.076402865845871,13.444814000245984,4.948711999581086,3.0068407010521327
2024-03-17 07:36:31,404.56,548.18,383.5939287486668,523.563472629445,16.18,29.89,453.57870068905584,907.1574013781116,139.9695438807782,0.3085893216757171,46.07,13.71,6.988690417111059,8.205509123518368,7.597099770314685,1.2168187064073095,0.1601688253447909,-0.0762301390370225,-0.0018363745060696,-0.0390332567715745,0.9599999999999992,0.8500000000000014,0.1099999999999976,9.845424155494502,12.908869749946811,3.409463195131448,0.7759065997939693
2024-03-17 07:36:32,411.32,557.75,390.5254465615001,532.1101044720838,17.13,30.71,461.3177755167919,922.635551033584,141.5846579105837,0.3069135097711328,47.84,13.580000000000002,6.931517812833306,8.546631842638817,7.73907482773609,1.615114029805511,0.2086959820211478,-0.0571726042777527,0.3411227191204489,0.1419750574214049,0.9499999999999992,0.8200000000000003,0.129999999999999,9.642929888667684,12.24966450048164,2.258425894358299,0.8024072202761583
2024-03-17 07:36:33,422.15,571.43,398.431584921125,541.9400783540628,18.09,31.56,470.18583163759394,940.371663275188,143.50849343293785,0.3052165409321257,49.65,13.47,7.906138359624947,9.829973881979072,8.86805612080201,1.9238355223541248,0.2169399109802009,0.9746205467916412,1.2833420393402548,1.1289812930659195,0.9600000000000009,0.8499999999999979,0.1100000000000029,9.470006488773162,12.499978095922494,2.3281654818540467,0.5332136476817764
2024-03-17 07:36:34,424.86,579.64,405.0386886908437,551.3650587655471,19.05,32.38,478.2018737281954,956.4037474563908,146.3263700747034,0.3059928825203239,51.43000000000001,13.330000000000002,6.607103769718719,9.424980411484285,8.016042090601502,2.817876641765565,0.3515296275127832,-1.2990345899062277,-0.4049934704947873,-0.8520140302005075,0.9600000000000009,0.8200000000000038,0.139999999999997,9.298111305270933,12.81964857444943,2.992869210696348,0.5273671954520012
2024-03-17 07:36:35,422.15,582.38,409.31651651813286,559.1187940741604,20.01,33.23,484.2176552961466,968.4353105922931,149.80227755602755,0.3093697134092292,53.24,13.219999999999995,4.277827827289116,7.753735308613272,6.015781567951194,3.475907481324157,0.5777980573702738,-2.329275942429604,-1.671245102871012,-2.000260522650308,0.9600000000000009,0.8499999999999943,0.1100000000000065,9.094997111216182,12.3818306138486,3.908791234044208,1.0367028591069742
2024-03-17 07:36:36,437.05,579.64,416.2498873885996,564.2490955556203,20.96,34.07,490.24949147211,980.49898294422,147.9992081670207,0.301885489816066,55.03,13.11,6.933370870466774,5.130301481459924,6.031836175963349,1.8030693890068503,0.2989254080319038,2.6555430431776585,-2.623433827153349,0.0160546080121548,0.9499999999999992,0.8400000000000034,0.1099999999999958,8.908767627900097,11.416175135679763,3.321977953694203,1.2664838673807712
2024-03-17 07:36:37,442.47,586.49,422.8049155414497,569.8093216667153,21.92,34.9,496.30711860408246,992.6142372081648,147.00440612526558,0.2961964483655502,56.82,12.979999999999997,6.555028152850071,5.5602261110949485,6.057627131972481,0.994802041755122,0.1642230292256641,-0.3783427176167038,0.4299246296350247,0.025790956009132,0.9600000000000009,0.8299999999999983,0.1300000000000025,8.734725622480761,10.184273943471617,2.3167746932560345,1.352409536802216
2024-03-17 07:36:38,453.33,601.57,430.4361866560873,577.7494912500365,22.88,35.74,504.0928389530619,1008.1856779061238,147.31330459394923,0.2922344713479091,58.620000000000005,12.860000000000005,7.63127111463757,7.940169583321222,7.785720348979453,0.3088984686836511,0.0396749966814752,1.0762429617875,2.379943472226273,1.7280932170069718,0.9599999999999972,0.8400000000000034,0.1199999999999938,8.599331804055444,10.114317443337084,1.3255892271255532,1.0252883898614178
2024-03-17 07:36:39,460.11,608.43,437.8546399920655,585.4196184375273,23.84,36.57,511.6371292147964,1023.2742584295928,147.56497844546186,0.2884172585041099,60.41,12.73,7.418453335978199,7.670127187490834,7.544290261734488,0.2516738515126349,0.0333595089029971,-0.212817778659371,-0.2700423958303872,-0.2414300872449644,0.9600000000000009,0.8299999999999983,0.1300000000000025,8.469411037003566,10.880477453884394,1.1045652326454476,0.8969416106872884
2024-03-17 07:36:40,466.9,619.41,445.1159799940491,593.9172138281455,24.8,37.41,519.5165969110973,1039.0331938221946,148.80123383409637,0.2864224828088362,62.21,12.609999999999996,7.261340001983626,8.49759539061813,7.879467696300878,1.236255388634504,0.1568957801957993,-0.1571133339945731,0.827468203127296,0.3351774345663898,0.9600000000000009,0.8399999999999963,0.1200000000000045,8.351014122489683,11.690869965866847,0.6977014181625829,0.9346933159322912
2024-03-17 07:36:41,468.26,631.78,450.9019849955368,603.3829103711091,25.73,38.23,527.142447683323,1054.284895366646,152.48092537557233,0.2892594321637985,63.96,12.499999999999996,5.786005001487695,9.465696542963656,7.625850772225704,3.679691541475961,0.4825285950190972,-1.4753350004959316,0.9681011523455254,-0.2536169240751746,0.9299999999999996,0.8200000000000003,0.1099999999999994,8.241751711093986,12.189896777849226,2.256624488525668,0.7500284915641754
2024-03-17 07:36:42,408.62,635.9,440.33148874665255,611.5121827783319,26.27,39.08,525.9218357624923,1051.8436715249843,171.1806940316793,0.3254869489455806,65.35,12.81,-10.57049624888424,8.129272407222743,-1.22061192083072,18.699768656106983,15.31998255710776,-16.356501250371934,-1.3364241357409128,-8.846462693056424,0.5399999999999991,0.8500000000000014,0.3100000000000023,8.047770890814407,9.77195610093232,10.114574773287474,3.9955277207732736
2024-03-17 07:36:43,403.21,634.52,431.0511165599894,617.2641370837489,26.27,39.9,524.1576268218691,1048.3152536437383,186.2130205237595,0.3552614912761367,66.17,13.63,-9.280372186663158,5.75195430541703,-1.7642089406231207,15.032326492080188,8.520712952547335,1.290124062221082,-2.377318101805713,-0.5435970197924007,0.0,0.8200000000000003,0.8200000000000003,7.9213785537326675,6.314855259892634,16.888748655942376,5.030882401080554
2024-03-17 07:36:44,475.05,634.52,442.050837419992,621.5781028128117,26.68,40.75,531.8144701164019,1063.628940232804,179.5272653928197,0.33757499117305,67.43,14.07,10.99972086000264,4.313965729062829,7.656843294532791,6.68575513093981,0.8731737088755525,20.2800930466658,-1.4379885763542006,9.421052235155912,0.4100000000000001,0.8500000000000014,0.4400000000000013,7.886911793407832,4.47575241413503,16.458260359717663,5.0508457185372455
2024-03-17 07:36:45,409.97,651.03,434.030628064994,628.9410771096088,26.82,41.57,531.4858525873015,1062.971705174603,194.91044904461484,0.3667274448210671,68.39,14.75,-8.02020935499803,7.36297429679712,-0.3286175291004838,15.38318365179515,46.811674600038565,-19.01993021500067,3.0490085677342904,-7.985460823633275,0.1400000000000005,0.8200000000000003,0.6799999999999997,7.771397058281977,3.408254659197475,16.178734295403036,4.81763814219942
2024-03-17 07:36:46,409.97,660.66,428.0154710487455,636.8708078322067,26.82,42.42,532.4431394404761,1064.8862788809522,208.85533678346115,0.3922584796766856,69.24000000000001,15.6,-6.015157016248509,7.92973072259781,0.9572868531746508,13.94488773884632,14.567078953943613,2.005052338749522,0.5667564258006905,1.2859043822751346,0.0,0.8500000000000014,0.8500000000000014,7.689819927074756,3.8322365002655294,14.49547023669584,3.828658278800268
2024-03-17 07:36:47,416.74,673.06,425.1966032865592,645.918105874155,27.29,43.24,535.557354580357,1071.114709160714,220.72150258759584,0.4121342005440498,70.53,15.950000000000005,-2.8188677621863576,9.047298041948352,3.114215139880912,11.86616580413471,3.8103218502324223,3.196289254062151,1.1175673193505418,2.156928286706261,0.4699999999999988,0.8200000000000003,0.3500000000000014,7.593326910350632,4.199035101497193,16.761673489330857,3.6706185235760262
2024-03-17 07:36:48,415.38,685.47,422.7424524649193,655.8060794056162,27.29,44.09,539.2742659352677,1078.5485318705355,233.06362694069685,0.4321801376973043,71.38,16.800000000000004,-2.4541508216398142,9.88797353146117,3.716911354910735,12.342124353100983,3.3205314450836414,0.3647169405465433,0.8406754895128188,0.6026962150298232,0.0,0.8500000000000014,0.8500000000000014,7.554977001685217,3.30523763586856,21.04209577964781,3.060345044987012
2024-03-17 07:36:49,487.29,686.85,438.8793393486895,663.5670595542122,27.59,44.91,551.2231994514508,1102.4463989029016,224.68772020552268,0.4076165880200685,72.5,17.319999999999997,16.13688688377016,7.760980148595991,11.948933516183049,8.37590673517417,0.7009751977325054,18.59103770540997,-2.12699338286518,8.232022161272312,0.3000000000000007,0.8199999999999932,0.5199999999999925,7.603078508253411,7.996187176314023,14.863962355031768,4.795190581492728
2024-03-17 07:36:50,496.81,688.23,453.3620045115171,669.7327946656592,28.55,45.73,561.5473995885882,1123.0947991771764,216.37079015414207,0.3853117117581742,74.28,17.179999999999996,14.48266516282763,6.16573511144702,10.324200137137382,8.31693005138061,0.8055761352288674,-1.6542217209425305,-1.5952450371489704,-1.624733379045665,0.9600000000000009,0.8200000000000003,0.1400000000000005,7.559873344489969,12.1166959324086,9.052511145907715,4.823301854039014
2024-03-17 07:36:51,500.89,686.85,465.24400338363785,674.0120959992444,29.48,46.58,569.6280496914411,1139.2560993828822,208.7680926156065,0.3664989678127579,76.06,17.099999999999998,11.881998872120732,4.279301333585181,8.080650102852928,7.602697538535551,0.9408520974072706,-2.600666290706897,-1.8864337778618392,-2.243550034284453,0.9299999999999996,0.8500000000000014,0.0799999999999983,7.489193297426345,14.433251609684186,9.08118413006162,3.925343380324533
2024-03-17 07:36:52,503.62,699.27,474.8380025377284,680.3265719994333,30.43,47.4,577.5822872685808,1155.1645745371616,205.48856946170497,0.3557736683333873,77.83,16.97,9.593999154090511,6.314476000188961,7.954237577139679,3.2795231539015504,0.4122988168002445,-2.287999718030221,2.03517466660378,-0.1264125257132491,0.9499999999999992,0.8200000000000003,0.129999999999999,7.421075161859253,15.088969046143506,11.35265533536946,3.1036010815850927
2024-03-17 07:36:53,511.79,707.55,484.0760019032963,687.132428999575,31.39,48.22,585.6042154514357,1171.2084309028714,203.05642709627875,0.3467468665555933,79.61,16.83,9.23799936556793,6.805857000141714,8.021928182854936,2.432142365426216,0.303186716061315,-0.3559997885225812,0.491380999952753,0.0676906057152564,0.9600000000000009,0.8200000000000003,0.1400000000000005,7.355912675487038,13.427932474172032,8.837182275048411,1.8021798953556047
2024-03-17 07:36:54,518.6,718.61,492.70700142747216,695.0018217496813,32.35,49.07,593.8544115885768,1187.7088231771536,202.29482032220915,0.3406471620551202,81.42,16.72,8.630999524175877,7.869392750106272,8.250196137141074,0.7616067740696053,0.0923137667390968,-0.606999841392053,1.063535749964558,0.2282679542861387,0.9600000000000009,0.8500000000000014,0.1099999999999994,7.293716584314176,12.742667341206577,5.716668486294452,1.0110549448518436
2024-03-17 07:36:55,532.24,728.28,502.5902510706041,703.321366312261,33.28,49.89,602.9558086914326,1205.9116173828652,200.7311152416569,0.3329118187689122,83.17,16.61,9.883249643131933,8.319544562579722,9.1013971028558,1.5637050805522108,0.171809326751849,1.2522501189560558,0.4501518124734502,0.8512009657147246,0.9299999999999996,0.8200000000000003,0.1099999999999994,7.249678988117754,13.11695811363978,3.138914374443944,0.4711766995151636
2024-03-17 07:36:56,537.69,733.82,511.3651883029531,710.9460247341958,34.24,50.71,611.1556065185745,1222.311213037149,199.58083643124277,0.3265630454436712,84.95,16.47,8.774937232348975,7.624658421934782,8.199797827141879,1.1502788104141928,0.1402813452699222,-1.1083124107829576,-0.6948861406449396,-0.9015992757139202,0.9600000000000009,0.8200000000000003,0.1400000000000005,7.194297814294016,13.36326548019298,2.267718063588706,0.4613788924179048
2024-03-17 07:36:57,544.52,736.58,519.6538912272148,717.3545185506468,35.2,51.56,618.5042048889309,1237.0084097778615,197.7006273234321,0.3196431413741017,86.76,16.36,8.288702924261713,6.408493816451028,7.348598370356399,1.8802091078106853,0.2558595200325225,-0.486234308087262,-1.2161646054837547,-0.8511994567854799,0.9600000000000009,0.8500000000000014,0.1099999999999994,7.128909609958751,13.147617096700085,2.1413911118729345,0.6265802752866831
2024-03-17 07:36:58,548.62,736.58,526.895418420411,722.1608889129851,36.15,52.38,624.528153666698,1249.056307333396,195.26547049257408,0.3126607968487578,88.53,16.230000000000004,7.241527193196248,4.806370362338271,6.023948777767146,2.435156830857977,0.4042458720100085,-1.0471757310654652,-1.602123454112757,-1.3246495925892532,0.9499999999999956,0.8200000000000003,0.1299999999999954,7.054423885827111,12.19452292757076,2.727609572766657,1.1633049449763586
2024-03-17 07:36:59,552.71,751.81,533.3490638153082,729.5731666847388,37.09,53.21,631.4611152500236,1262.9222305000471,196.22410286943057,0.3107461375210579,90.3,16.119999999999997,6.453645394897194,7.412277771753679,6.93296158332555,0.9586323768564852,0.1382716790022911,-0.787881798299054,2.6059074094154084,0.9090128055584046,0.9400000000000048,0.8299999999999983,0.1100000000000065,6.992924786900318,11.145142259813245,2.27098822517656,1.180581930207802
2024-03-17 07:37:00,560.91,757.36,540.2392978614812,736.5198750135542,38.04,54.05,638.3795864375177,1276.7591728750351,196.28057715207296,0.3074668755308286,92.09,16.009999999999998,6.890234046172964,6.946708328815362,6.918471187494106,0.056474282642398,0.0081628257094798,0.4365886512757697,-0.4655694429383175,-0.0144903958314444,0.9499999999999956,0.8399999999999963,0.1099999999999994,6.932127044254432,10.661330472984224,1.6792290439472353,0.788817979513526
2024-03-17 07:37:01,570.48,767.06,547.7994733961109,744.1549062601656,39.0,54.87,645.9771898281383,1291.9543796562766,196.3554328640547,0.303966510972823,93.87,15.869999999999996,7.560175534629707,7.635031246611447,7.597603390620634,0.0748557119817405,0.0098525414239982,0.6699414884567432,0.6883229177960857,0.6791322031265281,0.9600000000000009,0.8200000000000003,0.1400000000000005,6.881614817796138,10.886366975578436,0.8688981442650942,0.5991872032621071
2024-03-17 07:37:02,578.69,775.38,555.5221050470832,751.9611796951242,39.93,55.7,653.7416423711037,1307.4832847422074,196.439074648041,0.3004842610837477,95.63,15.770000000000003,7.722631650972289,7.806273434958598,7.764452542965387,0.0836417839863088,0.0107723980217627,0.1624561163425824,0.1712421883471506,0.1668491523447528,0.9299999999999996,0.8300000000000054,0.0999999999999943,6.83615638957385,11.537815731885964,0.4805805244116467,0.6881241305790141
2024-03-17 07:37:03,586.91,780.93,563.3690787853124,759.2033847713432,40.89,56.52,661.2862317783278,1322.5724635566555,195.8343059860308,0.296141513733399,97.41,15.630000000000004,7.846973738229167,7.242205076218966,7.544589407224066,0.6047686620102013,0.0801592438247046,0.1243420872568776,-0.5640683587396325,-0.2198631357413205,0.9600000000000009,0.8200000000000003,0.1400000000000005,6.78868930283994,11.862854184500293,0.2337507733980381,0.3971990976351469
2024-03-17 07:37:04,588.27,783.71,569.5943090889842,765.3300385785074,41.85,57.34,667.4621738337457,1334.9243476674917,195.73572948952312,0.2932536657051432,99.19,15.490000000000002,6.225230303671879,6.126653807164189,6.175942055417977,0.0985764965076896,0.0159613674580777,-1.6217434345572883,-1.1155512690547766,-1.368647351806089,0.9600000000000009,0.8200000000000003,0.1400000000000005,6.7291276046437964,11.627127181454412,0.3208971859298912,0.6563897300911983
2024-03-17 07:37:05,599.23,787.87,577.0032318167382,770.9650289338805,42.78,58.16,673.9841303753094,1347.9682607506188,193.96179711714228,0.2877839226293805,100.94,15.379999999999995,7.408922727753975,5.634990355373134,6.521956541563668,1.7739323723808411,0.2719938547707155,1.1836924240820963,-0.4916634517910552,0.3460144861456911,0.9299999999999996,0.8199999999999932,0.1100000000000065,6.677076715853306,11.039686782196512,1.001306144386468,0.7198259329564601
2024-03-17 07:37:06,608.83,803.15,584.9599238625536,779.0112717004104,43.74,59.01,681.985597781482,1363.971195562964,194.05134783785672,0.2845387764559432,102.75,15.269999999999996,7.95669204581543,8.046242766529872,8.001467406172651,0.0895507207144419,0.011191785828381,0.5477693180614551,2.411252411156738,1.479510864608983,0.9600000000000009,0.8500000000000014,0.1099999999999994,6.637329354201,10.94985167409855,1.126621638387413,0.8043820613741665
2024-03-17 07:37:07,611.57,810.11,591.6124428969152,786.7859537753078,44.69,59.83,689.1991983361115,1378.398396672223,195.17351087839256,0.2831888241692654,104.52,15.14,6.652519034361603,7.7746820748974415,7.2136005546294655,1.1221630405358385,0.1555621047319516,-1.3041730114538268,-0.2715606916324304,-0.7878668515431855,0.9499999999999956,0.8200000000000003,0.1299999999999954,6.593945577326502,11.136647038530857,0.899087970102304,0.7434489452855051
2024-03-17 07:37:08,622.55,824.02,599.3468321726864,796.0944653314808,45.62,60.65,697.7206487520837,1395.441297504167,196.74763315879443,0.2819862551419446,106.27,15.03,7.73438927577115,9.308511556173016,8.52145041597214,1.5741222804018662,0.184724667613714,1.081870241409547,1.5338294812755748,1.3078498613426746,0.9299999999999996,0.8200000000000003,0.1099999999999994,6.565546647092661,11.98483699607694,1.1740577883971397,0.9822754405064674
2024-03-17 07:37:09,633.53,830.98,607.8926241295148,804.8158489986106,46.58,61.47,706.3542365640627,1412.7084731281254,196.92322486909572,0.2787881977578365,108.05,14.89,8.545791956828452,8.721383667129771,8.633587811979055,0.1755917103013189,0.0203382062923458,0.8114026810573023,-0.587127889043245,0.1121373960069149,0.9600000000000009,0.8200000000000003,0.1400000000000005,6.53729042134912,12.731212753409444,1.4204626166793388,0.8987321290409314
2024-03-17 07:37:10,634.91,839.33,614.6469680971361,813.4443867489579,47.51,62.29,714.045677423047,1428.091354846094,198.79741865182177,0.2784099458326828,109.8,14.78,6.754343967621253,8.628537750347277,7.691440858984265,1.8741937827260244,0.2436726191379585,-1.7914479892071995,-0.0928459167824939,-0.94214695299479,0.9299999999999996,0.8200000000000003,0.1099999999999994,6.503148186884324,12.856455117297171,1.8127216165203937,0.5886895252281137
2024-03-17 07:37:11,643.15,837.94,621.772726072852,819.5682900617184,48.47,63.11,720.6705080672853,1441.3410161345705,197.79556398886632,0.2744604663299732,111.58,14.64,7.125757975715942,6.12390331276049,6.624830644238273,1.001854662955452,0.1512271883658782,0.371414008094689,-2.5046344375867875,-1.0666102147459924,0.9600000000000009,0.8200000000000003,0.1400000000000005,6.458778469335964,12.550786884723136,1.3445284070847645,0.8561798071576807
2024-03-17 07:37:12,645.9,843.52,627.804544554639,825.5562175462887,49.4,63.93,726.6803810504639,1453.3607621009278,197.75167299164968,0.2721301935159672,113.33,14.53,6.031818481787013,5.987927484570378,6.009872983178639,0.0438909972166357,0.0073031476765543,-1.0939394939289286,-0.1359758281901122,-0.6149576610596341,0.9299999999999996,0.8200000000000003,0.1099999999999994,6.412074248993115,11.4527644457788,0.8184691614502595,1.1566504432761058
2024-03-17 07:37:13,648.65,846.3,633.0159084159793,830.7421631597165,50.36,64.76,731.8790357878479,1463.7580715756958,197.7262547437372,0.2701624787772856,115.12,14.400000000000006,5.21136386134026,5.185945613427748,5.198654737384004,0.025418247912512,0.0048893885643796,-0.8204546204467533,-0.8019818711426296,-0.8112182457946346,0.9600000000000009,0.8300000000000054,0.1299999999999954,6.3575315273655,10.09730132940638,0.6654632331884328,1.35747794040058
2024-03-17 07:37:14,663.78,865.83,640.7069313119845,839.5141223697874,51.29,65.58,740.110526840886,1480.221053681772,198.80719105780287,0.2686182449502243,116.87,14.29,7.691022896005165,8.771959210070918,8.231491053038098,1.0809363140657524,0.1313171788420542,2.479659034664905,3.58601359664317,3.0328363156540945,0.9299999999999996,0.8199999999999932,0.1100000000000065,6.332767352683483,10.03928640740856,0.57262953458836,1.2299640452237055
2024-03-17 07:37:15,669.29,871.41,647.8526984839883,847.4880917773405,52.25,66.4,747.6703951306645,1495.340790261329,199.6353932933522,0.2670098941010679,118.65,14.150000000000006,7.145767172003843,7.973969407553113,7.559868289778478,0.82820223554927,0.1095524543882078,-0.545255724001322,-0.7979898025178045,-0.6716227632596201,0.9600000000000009,0.8200000000000074,0.1399999999999934,6.301478203364401,10.702591975346424,0.8537391374883818,1.2059944806005036
2024-03-17 07:37:16,676.17,878.39,654.9320238629913,855.2135688330053,53.18,67.22,755.0727963479983,1510.1455926959966,200.281544970014,0.2652479941979795,120.4,14.04,7.079325379002967,7.725477055664783,7.402401217333818,0.646151676661816,0.0872894578936492,-0.0664417930008767,-0.2484923518883306,-0.1574670724446605,0.9299999999999996,0.8199999999999932,0.1100000000000065,6.2713686883441,11.499992237954588,1.1332102789280978,1.2395254999432408
2024-03-17 07:37:17,685.82,881.19,662.6540178972435,861.707676624754,54.11,68.04,762.1808472609987,1524.3616945219974,199.0536587275104,0.2611632910767487,122.15,13.930000000000009,7.721994034252248,6.494107791748661,7.1080509130003975,1.2278862425035868,0.1727458180570998,0.6426686552492811,-1.2313692639161218,-0.2943503043334203,0.9299999999999996,0.8200000000000074,0.1099999999999923,6.239712165544711,11.952548045760809,0.9562624960249492,1.1399973601609783
2024-03-17 07:37:18,688.57,879.79,669.1330134229327,866.2282574685655,55.07,68.86,767.6806354457491,1535.3612708914982,197.09524404563285,0.2567411950862216,123.93,13.79,6.478995525689129,4.520580843811558,5.4997881847504,1.9584146818775707,0.3560890456142911,-1.2429985085631188,-1.9735269479371027,-1.608262728249997,0.9600000000000009,0.8199999999999932,0.1400000000000076,6.194469694595976,11.031135925509837,1.1948857445968393,1.0155968126463073
2024-03-17 07:37:19,696.85,886.78,676.0622600671995,871.3661931014242,56.0,69.68,773.7142265843119,1547.4284531686235,195.30393303422463,0.2524238615127991,125.68,13.680000000000009,6.929246644266868,5.137935632858671,6.03359113856277,1.7913110114081974,0.2968896422347328,0.4502511185777393,0.6173547890471127,0.5338029538123692,0.9299999999999996,0.8200000000000074,0.1099999999999923,6.15622390537944,10.24864694858032,2.043419903506089,0.905773831895763
2024-03-17 07:37:20,703.75,906.35,682.9841950503996,880.1121448260682,56.95,70.5,781.548169938234,1563.096339876468,197.12794977566853,0.2522275108634956,127.45,13.549999999999995,6.921934983200117,8.745951724643987,7.833943353922109,1.8240167414438704,0.23283503929035,-0.0073116610667511,3.608016091785316,1.8003522153593394,0.9500000000000028,0.8199999999999932,0.1300000000000096,6.132194302126635,10.213651213620288,1.9303249612993252,0.9749060158082644
2024-03-17 07:37:21,713.41,904.95,690.5906462877997,886.3216086195512,57.89,71.32,788.4561274536754,1576.9122549073509,195.73096233175147,0.2482458506798851,129.20999999999998,13.429999999999993,7.6064512374000515,6.209463793482996,6.907957515441467,1.396987443917055,0.2022286961906831,0.6845162541999343,-2.536487931160991,-0.925985838480642,0.9399999999999976,0.8199999999999932,0.1200000000000045,6.102129257422384,10.524965642289748,1.4692956060401572,0.9188942065901092
2024-03-17 07:37:22,714.79,911.95,696.6404847158498,892.7287064646634,58.82,72.14,794.6845955902565,1589.369191180513,196.08822174881368,0.2467497452324696,130.96,13.32,6.049838428050066,6.407097845112276,6.228468136581114,0.3572594170622096,0.0573591052998801,-1.5566128093499856,0.1976340516292793,-0.6794893788603531,0.9299999999999996,0.8200000000000074,0.1099999999999923,6.068147445953795,10.879057228956729,0.8176174462097779,0.899655746678625
2024-03-17 07:37:23,725.84,911.95,703.9403635368874,897.5340298484975,59.77,72.97,800.7371966926925,1601.474393385385,193.59366631161012,0.2417692931831395,132.74,13.199999999999996,7.299878821037623,4.805323383834093,6.052601102435915,2.4945554372035303,0.412145948962939,1.2500403929875574,-1.6017744612781826,-0.1758670341451988,0.9500000000000028,0.8299999999999983,0.1200000000000045,6.032372989756814,10.638252582669727,1.2940586430921837,0.7706027955404083
2024-03-17 07:37:24,727.22,910.55,709.7602726526657,900.7880223863732,60.7,73.79,805.2741475195194,1610.5482950390387,191.02774973370745,0.2372207652324468,134.49,13.090000000000003,5.819909115778273,3.253992537875547,4.53695082682691,2.565916577902726,0.5655595818166969,-1.47996970525935,-1.551330845958546,-1.515650275609005,0.9299999999999996,0.8200000000000074,0.1099999999999923,5.987613514253147,9.46902081739552,2.428653922295987,1.2141398044453895
2024-03-17 07:37:25,738.28,918.95,716.8902044894992,905.3285167897798,61.64,74.61,811.1093606396395,1622.218721279279,188.4383123002806,0.2323217080362095,136.25,12.97,7.129931836833521,4.540494403406683,5.835213120120102,2.5894374334268377,0.4437604824985481,1.3100227210552475,1.286501865531136,1.2982622932931918,0.9399999999999976,0.8199999999999932,0.1200000000000045,5.953096181185639,8.849842277387685,3.2420495777914478,0.8672526007532889
2024-03-17 07:37:26,745.2,938.57,723.9676533671243,913.6388875923348,62.57,75.43,818.8032704797296,1637.6065409594592,189.67123422521055,0.2316444509099718,138.0,12.860000000000008,7.077448877625102,8.310370802555099,7.6939098400901,1.2329219249299967,0.1602464534038658,-0.0524829592084188,3.769876399148416,1.8586967199699984,0.9299999999999996,0.8200000000000074,0.1099999999999923,5.933356989466468,9.303461275785178,3.083362779926396,1.1255955151118668
2024-03-17 07:37:27,753.51,879.79,731.3532400253432,905.1766656942513,63.52,76.03,818.2649528597972,1636.5299057195944,173.82342566890793,0.2124292685993382,139.55,12.509999999999998,7.3855866582189265,-8.462221898083726,-0.5383176199323998,15.847808556302653,29.43945828641923,0.3081377805938246,-16.772592700638825,-8.2322274600225,0.9500000000000028,0.5999999999999943,0.3500000000000085,5.863596897142244,7.931920965960726,7.7788547429586385,3.144320266886194
2024-03-17 07:37:28,763.2,871.41,739.3149300190073,896.7349992706884,64.45,76.03,818.0249646448478,1636.0499292896957,157.42006925168107,0.1924391991234486,140.48000000000002,11.579999999999998,7.961689993664095,-8.441666423562765,-0.2399882149493351,16.40335641722686,68.35038991518776,0.5761033354451683,0.020555474520961,0.2983294049830647,0.9299999999999996,0.0,0.9299999999999996,5.823070606647047,5.948145545301244,14.442329216465897,3.687949282441143
2024-03-17 07:37:29,771.51,937.17,747.3636975142556,906.8437494530162,65.38,76.22,827.1037234836359,1654.2074469672718,159.48005193876065,0.1928174752668713,141.6,10.840000000000003,8.048767495248285,10.108750182327867,9.078758838788076,2.0599826870795823,0.2269013305406005,0.08707750158419,18.550416605890632,9.318747053737413,0.9299999999999926,0.1899999999999977,0.7399999999999949,5.841127949452741,5.676452935718887,15.325911749604993,4.491968546365473
2024-03-17 07:37:30,770.13,939.97,753.0552731356918,915.1253120897622,66.32,77.02,834.090292612727,1668.180585225454,162.07003895407047,0.1943075470307781,143.33999999999995,10.700000000000005,5.691575621436186,8.281562636746003,6.986569129091095,2.5899870153098163,0.3707093706145559,-2.3571918738120985,-1.8271875455818645,-2.092189709696981,0.9399999999999976,0.7999999999999972,0.1400000000000005,5.818963909542091,7.146466691097193,13.435293999503536,4.613973130848982
2024-03-17 07:37:31,770.13,941.37,757.3239548517688,921.6864840673215,67.25,77.84,839.5052194595453,1679.0104389190906,164.36252921555285,0.1957849995567398,145.09,10.590000000000003,4.268681716077026,6.561171977559411,5.414926846818275,2.292490261482385,0.4233648769354176,-1.4228939053591605,-1.7203906591865916,-1.571642282272819,0.9300000000000068,0.8200000000000074,0.1099999999999994,5.786099756519715,9.52266354302058,6.373063465218536,4.335628123337503
2024-03-17 07:37:32,709.27,959.61,745.3104661388267,931.1673630504912,67.49,78.66,838.238914594659,1676.477829189318,185.85689691166465,0.2217230594451881,146.14999999999998,11.170000000000002,-12.013488712942149,9.480878983169646,-1.2663048648862514,21.494367696111794,16.974072609260617,-16.282170429019175,2.9197070056102348,-6.681231711704527,0.2399999999999948,0.8199999999999932,0.5799999999999983,5.735469783504546,8.902981245278305,11.49364867696465,4.539458554768361
2024-03-17 07:37:33,698.23,970.85,733.54034960412,941.0880222878684,67.49,79.48,837.3141859459943,1674.6283718919883,207.5476726837485,0.2478731113356079,146.97,11.990000000000007,-11.77011653470663,9.920659237377208,-0.924728648664768,21.69077577208384,23.4563429467234,0.2433721782355178,0.4397802542075624,0.3415762162214832,0.0,0.8200000000000074,0.8200000000000074,5.697177520914586,4.975140900919308,20.58339165112283,4.706412710558073
2024-03-17 07:37:34,702.37,976.47,725.74776220309,949.9335167159012,67.49,80.3,837.8406394594956,1675.6812789189912,224.1857545128113,0.2675756506510133,147.79,12.810000000000002,-7.792587401030005,8.845494428032794,0.5264535135013375,16.6380818290628,31.60402542359536,3.977529133676626,-1.0751648093444146,1.4511821621661056,0.0,0.8199999999999932,0.8199999999999932,5.669129398405618,2.0181299351440187,27.03687019762489,3.801746717096026
2024-03-17 07:37:35,696.85,984.91,718.5233216523175,958.677637536926,67.49,81.12,838.6004795946217,1677.2009591892431,240.1543158846084,0.286375123126955,148.61,13.63000000000001,-7.224440550772556,8.74412082102458,0.7598401351260691,15.968561371797136,21.01565792321537,0.5681468502574489,-0.1013736070082131,0.2333866216247315,0.0,0.8200000000000074,0.8200000000000074,5.642961267422518,0.8260470251625145,30.11062300606676,2.6723695876218705
2024-03-17 07:37:36,692.71,982.09,712.0699912392381,964.5307281526945,67.49,81.92,838.3003596959663,1676.600719391933,252.46073691345637,0.3011578531397274,149.41,14.430000000000009,-6.453330413079357,5.853090615768565,-0.300119898655339,12.306421028847922,41.00487864719045,0.7711101376931992,-2.8910302052560155,-1.059960033781408,0.0,0.7999999999999972,0.7999999999999972,5.6107379297585736,0.4965514022994598,26.35051437408129,0.8821700460955411
2024-03-17 07:37:37,702.37,990.53,709.6449934294285,971.0305461145208,67.49,82.74,840.3377697719746,1680.6755395439493,261.3855526850923,0.3110482020163999,150.23,15.25,-2.4249978098096108,6.499817961826352,2.037410076008314,8.924815771635963,4.380468859098096,4.028332603269746,0.6467273460577871,2.337529974663653,0.0,0.8199999999999932,0.8199999999999932,5.593674793172468,1.147387269501106,21.651651122484022,1.1258004448844217
2024-03-17 07:37:38,699.61,996.16,707.1362450720713,977.3129095858906,67.49,83.56,842.224577328981,1684.449154657962,270.1766645138192,0.3207893375064692,151.05,16.070000000000007,-2.508748357357149,6.282363471369763,1.886807557006364,8.791111828726912,4.65924950153661,-0.0837505475475381,-0.2174544904565891,-0.1506025190019499,0.0,0.8200000000000074,0.8200000000000074,5.575799879200139,1.8110241698297675,18.066271440361923,0.9789377092759292
2024-03-17 07:37:39,695.47,1008.83,704.2196838040536,985.192182189418,67.49,84.38,844.7059329967358,1689.4118659934716,280.9724983853644,0.332627589172885,151.87,16.89,-2.9165612680177446,7.879272603527397,2.481355667754769,10.795833871545142,4.350778754153728,-0.4078129106605956,1.5969091321576343,0.5945481107484056,0.0,0.8199999999999932,0.8199999999999932,5.562032840157391,2.673002119072649,15.737833303951456,1.1301754774058512
2024-03-17 07:37:40,698.23,1015.88,702.7222628530402,992.8641366420636,67.49,85.2,847.7931997475519,1695.5863994951037,290.1418737890233,0.3422318951522461,152.69,17.710000000000008,-1.497420951013396,7.671954452645536,3.0872667508160703,9.169375403658933,2.970061602604813,1.4191403170043486,-0.2073181508818606,0.6059110830613008,0.0,0.8200000000000074,0.8200000000000074,5.552381912339839,3.712264348217186,15.022300412930145,1.2833818320302035
2024-03-17 07:37:41,698.23,1014.47,701.5991971397801,998.2656024815476,67.49,85.99,849.9323998106638,1699.8647996213276,296.6664053417675,0.3490470595765118,153.48,18.5,-1.1230657132600754,5.401465839484104,2.139200063111957,6.524531552744179,3.0499851861763547,0.3743552377533206,-2.270488613161433,-0.9480666877041132,0.0,0.789999999999992,0.789999999999992,5.537740384890041,3.926078270175247,14.356894352564884,0.478207585579108
2024-03-17 07:37:42,698.23,1022.92,700.7568978548351,1004.4292018611608,67.49,86.81,852.5930498579978,1705.1860997159956,303.6723040063256,0.3561749696419977,154.3,19.320000000000007,-0.8422992849450566,6.163599379613061,2.660650047334002,7.005898664558117,2.6331520142703773,0.2807664283150188,0.7621335401289571,0.5214499842220448,0.0,0.8200000000000074,0.8200000000000074,5.525554402672997,4.109927079528103,13.15143689973443,0.4650920029389054
2024-03-17 07:37:43,698.23,1031.38,700.1251733911263,1011.1669013958706,67.49,87.64,855.6460373934984,1711.2920747869969,311.0417280047443,0.3635168212649411,155.13,20.15000000000001,-0.6317244637087924,6.737699534709918,3.05298753550062,7.369423998418711,2.413839394654096,0.2105748212362641,0.5741001550968576,0.3923374881666177,0.0,0.8299999999999983,0.8299999999999983,5.515670933267759,4.225321946442135,11.66683931898434,0.3991216494456025
2024-03-17 07:37:44,694.09,1046.91,698.6163800433447,1020.1026760469028,67.49,88.43,859.3595280451239,1718.7190560902477,321.4862960035581,0.3740998791981479,155.92000000000002,20.94000000000001,-1.508793347781534,8.935774651032261,3.713490651625421,10.444567998813795,2.812600371470375,-0.8770688840727416,2.198075116322343,0.6605031161248007,0.0,0.7900000000000063,0.7900000000000063,5.511541319481673,4.5855925461786375,12.242168876272888,0.5812976256389444
2024-03-17 07:37:45,778.45,1055.38,718.5747850325085,1028.922007035177,68.15,89.25,873.7483960338428,1747.4967920676856,310.34722200266856,0.3551906052774686,157.4,21.099999999999994,19.9584049891638,8.81933098827426,14.388867988718973,11.139074000889536,0.7741452097188939,21.46719833694533,-0.1164436627580016,10.67537733709355,0.6600000000000108,0.8199999999999932,0.1599999999999823,5.551133357577569,9.346059840597336,9.243310540075871,5.17375734937461
2024-03-17 07:37:46,792.32,1053.97,737.0110887743814,1035.1840052763828,69.08,90.04,886.097547025382,1772.195094050764,298.1729165020014,0.3365012319089052,159.12,20.960000000000008,18.436303741872848,6.261998241205674,12.349150991539204,12.174305500667174,0.9858414172089044,-1.522101247290948,-2.5573327470685854,-2.039716997179766,0.9299999999999926,0.7900000000000063,0.1399999999999863,5.568737691406764,14.086249524673246,8.76763511641936,5.660107816600692
2024-03-17 07:37:47,802.04,1052.55,753.2683165807861,1039.5255039572871,70.01,90.87,896.3969102690367,1792.7938205380733,286.25718737650107,0.3193420055087476,160.88,20.86,16.25722780640467,4.341498680904351,10.299363243654623,11.91572912550032,1.156938316153012,-2.179075935468177,-1.920499560301323,-2.0497877478845794,0.9300000000000068,0.8299999999999983,0.1000000000000085,5.571835558784194,17.312821771196457,13.543747476712444,5.122817675923952
2024-03-17 07:37:48,818.72,1061.03,769.6312374355896,1044.9016279679654,70.94,91.69,907.2664327017776,1814.532865403555,275.2703905323758,0.3034063427313551,162.63,20.75,16.36292085480352,5.376124010678268,10.869522432740837,10.986796844125251,1.0107891953230597,0.105693048398848,1.0346253297739167,0.5701591890862119,0.9299999999999926,0.8199999999999932,0.1099999999999994,5.578715041032174,18.77506459114429,18.42653010816761,4.019372582018401
2024-03-17 07:37:49,824.28,1011.65,783.2934280766922,1036.588720975974,71.87,92.37,909.9410745263332,1819.882149052666,253.29529289928175,0.2783645004186335,164.24,20.5,13.662190641102598,-8.31290699199144,2.6746418245555788,21.97509763309404,8.216086810299778,-2.700730213700922,-13.689031002669708,-8.194880608185258,0.9300000000000068,0.6800000000000068,0.25,5.540313376680587,15.050386217192385,21.89116569319866,4.450269468041562
2024-03-17 07:37:50,835.41,997.57,796.3225710575191,1026.8340407319804,72.8,92.37,911.5783058947496,1823.1566117894995,230.5114696744613,0.2528707275403341,165.17000000000002,19.570000000000007,13.02914298082692,-9.754680243993562,1.6372313684166784,22.78382322482048,13.916059604205165,-0.6330476602756789,-1.4417732520021218,-1.0374104561389004,0.9299999999999926,0.0,0.9299999999999926,5.51903069792165,10.799244516666322,26.998826392114964,5.008461609590186
2024-03-17 07:37:51,838.19,1066.68,806.7894282931394,1036.7955305489854,73.73,92.45,921.7924794210624,1843.5849588421247,230.00610225584603,0.2495204800876465,166.18,18.72,10.466857235620296,9.961489817005033,10.214173526312608,0.5053674186152648,0.0494770690782103,-2.5622857452066228,19.716170060998596,8.576942157895928,0.9300000000000068,0.0799999999999983,0.8500000000000085,5.546951942917983,9.113776020434695,25.56934875501545,4.5705945363589535
2024-03-17 07:37:52,849.33,1070.92,817.4245712198546,1045.3266479117392,74.66,93.27,931.3756095657968,1862.7512191315936,227.90207669188464,0.244694056948128,167.93,18.61,10.635142926715162,8.531117362753776,9.583130144734469,2.104025563961386,0.2195551257917889,0.1682856910948658,-1.4303724542512557,-0.631043381578138,0.9299999999999926,0.8199999999999932,0.1099999999999994,5.546213327098097,10.021673950498236,20.611495025934268,4.456584921696083
2024-03-17 07:37:53,854.91,1079.41,826.7959284148909,1053.8474859338044,75.59,94.07,940.3217071743476,1880.6434143486956,227.05155751891343,0.2414615716569368,169.66,18.47999999999999,9.371357195036351,8.520838022065163,8.946097608550872,0.8505191729711896,0.0950715177852215,-1.2637857316788086,-0.0102793406886121,-0.6370325361835967,0.9300000000000068,0.7999999999999972,0.1300000000000096,5.542388905056931,12.967662616094248,11.018060262056403,4.10799184426718
2024-03-17 07:37:54,866.06,1018.69,836.6119463111681,1045.0581144503533,76.52,94.2,940.8350303807608,1881.6700607615212,208.44616813918515,0.2215544289770668,170.72,17.680000000000007,9.81601789627723,-8.789371483451077,0.5133232064130198,18.605389379728308,36.24490944960122,0.4446607012408776,-17.31020950551624,-8.432774402137852,0.9299999999999926,0.1300000000000096,0.799999999999983,5.510983041645839,12.541861574512524,9.244771883798029,4.697209603029449
2024-03-17 07:37:55,874.43,1013.06,846.0664597333761,1037.058585837765,77.45,94.2,941.5625227855704,1883.125045571141,190.99212610438883,0.2028459303334432,171.65,16.75,9.454513422207924,-7.999528612588392,0.7274924048098228,17.454042034796316,23.99202785812065,-0.3615044740693065,0.7898428708626852,0.214169198396803,0.9300000000000068,0.0,0.9300000000000068,5.4853627573562935,8.556462180734748,16.87122440213844,4.929008014306859
2024-03-17 07:37:56,874.43,1028.56,853.157344800032,1034.9339393783237,78.38,94.83,944.0456420891778,1888.091284178356,181.77659457829168,0.1925506419196729,173.20999999999998,16.450000000000003,7.090885066655915,-2.1246464594412373,2.483119303607282,9.215531526097152,3.711270659222412,-2.363628355552009,5.874882153147155,1.755626898797459,0.9299999999999926,0.6299999999999955,0.2999999999999971,5.450295229137363,4.829545523272322,20.816173338083885,4.466179111812517
2024-03-17 07:37:57,881.41,1018.69,860.220508600024,1030.8729545337428,79.32,94.83,945.5467315668834,1891.0934631337668,170.6524459337188,0.1804801815246584,174.14999999999998,15.510000000000003,7.063163799992026,-4.060984844580844,1.501089477705591,11.12414864457287,7.410711619179727,-0.0277212666638888,-1.9363383851396063,-0.9820298259016907,0.9399999999999976,0.0,0.9399999999999976,5.42949598700768,2.239443756418478,22.297730415919663,3.5028709538429776
2024-03-17 07:37:58,888.39,1044.08,867.262881450018,1034.174715900307,80.25,94.83,950.7187986751626,1901.4375973503247,166.91183445028912,0.1755638307639638,175.07999999999998,14.579999999999998,7.042372849993967,3.3017613665642784,5.17206710827918,3.7406114834296886,0.7232332222079425,-0.0207909499980587,7.362746211145122,3.6709776305735886,0.9300000000000068,0.0,0.9300000000000068,5.430196443025852,3.937880345901881,16.74300608955363,1.8935596667786556
2024-03-17 07:37:59,905.16,1027.15,876.7371610875134,1032.4185369252305,81.15,95.22,954.577849006372,1909.155698012744,155.68137583771704,0.1630892397478925,176.37,14.069999999999991,9.474279637495442,-1.7561789750766366,3.859050331209346,11.23045861257208,2.9101604639844703,2.4319067875014757,-5.057940341640915,-1.3130167770698336,0.9000000000000057,0.3900000000000005,0.5100000000000051,5.412359491943144,5.273477063152408,13.629480316361091,1.7901069221657206
2024-03-17 07:38:00,909.36,1021.51,884.8928708156351,1029.6914026939228,82.08,95.22,957.292136754779,1914.584273509558,144.7985318782877,0.1512584572332291,177.3,13.14,8.155709728121678,-2.727134231307673,2.71428774840706,10.882843959429351,4.009464345241894,-1.318569909373764,-0.9709552562310364,-1.1447625828022865,0.9299999999999926,0.0,0.9299999999999926,5.399278800651439,5.678536766924929,14.200621410528615,1.4093354448520206
