time,3057（200kN）力值曲线,3057（200kN）位移曲线
2024-05-06 18:16:08,331.22,-0.15
2024-05-06 18:16:09,337.83,-0.15
2024-05-06 18:16:10,335.19,-0.15
2024-05-06 18:16:11,339.15,-0.15
2024-05-06 18:16:12,337.83,-0.15
2024-05-06 18:16:13,337.83,-0.15
2024-05-06 18:16:14,340.47,-0.15
2024-05-06 18:16:15,343.11,-0.15
2024-05-06 18:16:16,341.79,-0.15
2024-05-06 18:16:17,368.20,-0.15
2024-05-06 18:16:18,343.11,-0.15
2024-05-06 18:16:19,343.11,-0.15
2024-05-06 18:16:20,345.75,-0.15
2024-05-06 18:16:21,345.75,-0.15
2024-05-06 18:16:22,345.75,-0.15
2024-05-06 18:16:23,347.07,-0.15
2024-05-06 18:16:24,347.07,-0.15
2024-05-06 18:16:25,348.39,-0.15
2024-05-06 18:16:26,348.39,-0.15
2024-05-06 18:16:27,345.75,-0.15
2024-05-06 18:16:28,348.39,-0.15
2024-05-06 18:16:29,348.39,-0.15
2024-05-06 18:16:30,351.04,-0.15
2024-05-06 18:16:31,348.39,-0.15
2024-05-06 18:16:32,351.04,-0.15
2024-05-06 18:16:33,348.39,-0.15
2024-05-06 18:16:34,352.36,-0.15
2024-05-06 18:16:35,349.72,-0.15
2024-05-06 18:16:36,353.68,-0.15
2024-05-06 18:16:37,352.36,-0.15
2024-05-06 18:16:38,353.68,-0.15
2024-05-06 18:16:39,348.39,-0.15
2024-05-06 18:16:40,353.68,-0.15
2024-05-06 18:16:41,353.68,-0.15
2024-05-06 18:16:42,353.68,-0.15
2024-05-06 18:16:43,353.68,-0.15
2024-05-06 18:16:44,351.04,-0.15
2024-05-06 18:16:45,348.39,-0.15
2024-05-06 18:16:46,352.36,-0.15
2024-05-06 18:16:47,353.68,-0.15
2024-05-06 18:16:48,352.36,-0.15
2024-05-06 18:16:49,353.68,-0.15
2024-05-06 18:16:50,353.68,-0.15
2024-05-06 18:16:51,348.39,-0.15
2024-05-06 18:16:52,351.04,-0.15
2024-05-06 18:16:53,352.36,-0.15
2024-05-06 18:16:54,352.36,-0.15
2024-05-06 18:16:55,355.00,-0.15
2024-05-06 18:16:56,353.68,-0.15
2024-05-06 18:16:57,353.68,-0.15
2024-05-06 18:16:58,353.68,-0.15
2024-05-06 18:16:59,351.04,-0.15
2024-05-06 18:17:00,353.68,-0.15
2024-05-06 18:17:01,349.72,-0.15
2024-05-06 18:17:02,348.39,-0.15
2024-05-06 18:17:03,352.36,-0.15
2024-05-06 18:17:04,352.36,-0.15
2024-05-06 18:17:05,352.36,-0.15
2024-05-06 18:17:06,351.04,-0.15
2024-05-06 18:17:07,352.36,-0.15
2024-05-06 18:17:08,355.00,-0.15
2024-05-06 18:17:09,356.32,-0.15
2024-05-06 18:17:10,355.00,-0.15
2024-05-06 18:17:11,355.00,-0.15
2024-05-06 18:17:12,353.68,-0.15
2024-05-06 18:17:13,369.52,-0.15
2024-05-06 18:17:14,413.07,-0.15
2024-05-06 18:17:15,385.36,-0.15
2024-05-06 18:17:16,423.62,-0.15
2024-05-06 18:17:17,403.83,-0.15
2024-05-06 18:17:18,431.54,-0.15
2024-05-06 18:17:19,415.71,-0.15
2024-05-06 18:17:20,447.36,-0.15
2024-05-06 18:17:21,434.17,-0.15
2024-05-06 18:17:22,463.18,-0.15
2024-05-06 18:17:23,452.63,-0.15
2024-05-06 18:17:24,452.63,-0.15
2024-05-06 18:17:25,486.90,-0.15
2024-05-06 18:17:26,471.09,-0.15
2024-05-06 18:17:27,496.13,-0.15
2024-05-06 18:17:28,479.00,-0.15
2024-05-06 18:17:29,507.98,-0.15
2024-05-06 18:17:30,490.86,-0.15
2024-05-06 18:17:31,523.79,-0.15
2024-05-06 18:17:32,497.44,-0.15
2024-05-06 18:17:33,547.48,-0.15
2024-05-06 18:17:34,519.84,-0.15
2024-05-06 18:17:35,558.01,-0.15
2024-05-06 18:17:36,533.00,-0.15
2024-05-06 18:17:37,565.91,-0.15
2024-05-06 18:17:38,555.38,-0.15
2024-05-06 18:17:39,572.49,-0.15
2024-05-06 18:17:40,571.17,-0.15
2024-05-06 18:17:41,592.23,-0.15
2024-05-06 18:17:42,581.70,-0.15
2024-05-06 18:17:43,592.23,-0.15
2024-05-06 18:17:44,600.12,-0.15
2024-05-06 18:17:45,617.21,-0.15
2024-05-06 18:17:46,609.32,-0.15
2024-05-06 18:17:47,629.05,-0.15
2024-05-06 18:17:48,619.84,-0.15
2024-05-06 18:17:49,652.70,-0.15
2024-05-06 18:17:50,630.36,-0.15
2024-05-06 18:17:51,660.59,-0.15
2024-05-06 18:17:52,638.25,-0.15
2024-05-06 18:17:53,675.04,-0.15
2024-05-06 18:17:54,656.65,-0.15
2024-05-06 18:17:55,663.22,-0.15
2024-05-06 18:17:56,678.98,-0.15
2024-05-06 18:17:57,664.53,-0.15
2024-05-06 18:17:58,702.62,-0.15
2024-05-06 18:17:59,676.35,-0.15
2024-05-06 18:18:00,709.19,-0.15
2024-05-06 18:18:01,688.18,-0.15
2024-05-06 18:18:02,727.56,-0.15
2024-05-06 18:18:03,697.37,-0.15
2024-05-06 18:18:04,723.63,-0.15
2024-05-06 18:18:05,714.44,-0.15
2024-05-06 18:18:06,723.63,-0.15
2024-05-06 18:18:07,752.50,-0.15
2024-05-06 18:18:08,726.25,-0.15
2024-05-06 18:18:09,765.62,-0.15
2024-05-06 18:18:10,740.69,-0.15
2024-05-06 18:18:11,772.17,-0.15
2024-05-06 18:18:12,765.62,-0.15
2024-05-06 18:18:13,764.30,-0.15
2024-05-06 18:18:14,790.53,-0.15
2024-05-06 18:18:15,759.06,-0.15
2024-05-06 18:18:16,807.58,-0.15
2024-05-06 18:18:17,769.55,-0.15
2024-05-06 18:18:18,812.82,-0.15
2024-05-06 18:18:19,790.53,-0.15
2024-05-06 18:18:20,793.16,-0.15
2024-05-06 18:18:21,832.48,-0.15
2024-05-06 18:18:22,804.95,-0.15
2024-05-06 18:18:23,833.79,-0.15
2024-05-06 18:18:24,820.68,-0.15
2024-05-06 18:18:25,812.82,-0.15
2024-05-06 18:18:26,850.82,-0.15
2024-05-06 18:18:27,819.37,-0.15
2024-05-06 18:18:28,858.68,-0.15
2024-05-06 18:18:29,846.89,-0.15
2024-05-06 18:18:30,840.34,-0.15
2024-05-06 18:18:31,836.41,-0.15
2024-05-06 18:18:32,858.68,-0.15
2024-05-06 18:18:33,870.46,-0.15
2024-05-06 18:18:34,845.58,-0.15
2024-05-06 18:18:35,888.79,-0.15
2024-05-06 18:18:36,856.06,-0.15
2024-05-06 18:18:37,896.65,-0.15
2024-05-06 18:18:38,866.53,-0.15
2024-05-06 18:18:39,903.19,-0.15
2024-05-06 18:18:40,891.41,-0.15
2024-05-06 18:18:41,878.32,-0.15
2024-05-06 18:18:42,917.59,-0.15
2024-05-06 18:18:43,886.17,-0.15
2024-05-06 18:18:44,901.88,-0.15
2024-05-06 18:18:45,911.04,-0.15
2024-05-06 18:18:46,900.57,-0.15
2024-05-06 18:18:47,937.21,-0.15
2024-05-06 18:18:48,909.73,-0.15
2024-05-06 18:18:49,920.20,-0.15
2024-05-06 18:18:50,954.21,-0.15
2024-05-06 18:18:51,920.20,-0.15
2024-05-06 18:18:52,929.36,-0.15
2024-05-06 18:18:53,926.74,-0.15
2024-05-06 18:18:54,955.52,-0.15
2024-05-06 18:18:55,928.05,-0.15
2024-05-06 18:18:56,938.52,-0.15
2024-05-06 18:18:57,969.90,-0.15
2024-05-06 18:18:58,945.06,-0.15
2024-05-06 18:18:59,976.44,-0.15
2024-05-06 18:19:00,959.44,-0.15
2024-05-06 18:19:01,972.52,-0.15
2024-05-06 18:19:02,984.28,-0.15
2024-05-06 18:19:03,967.29,-0.15
2024-05-06 18:19:04,1005.19,-0.15
2024-05-06 18:19:05,971.21,-0.15
2024-05-06 18:19:06,1010.42,-0.15
2024-05-06 18:19:07,992.12,-0.15
2024-05-06 18:19:08,988.20,-0.15
2024-05-06 18:19:09,1019.56,-0.15
2024-05-06 18:19:10,986.90,-0.15
2024-05-06 18:19:11,1027.40,-0.15
2024-05-06 18:19:12,1014.34,-0.15
2024-05-06 18:19:13,1002.58,-0.15
2024-05-06 18:19:14,1013.03,-0.15
2024-05-06 18:19:15,1007.80,-0.15
2024-05-06 18:19:16,1031.32,-0.15
2024-05-06 18:19:17,1007.80,-0.15
2024-05-06 18:19:18,1048.29,-0.15
2024-05-06 18:19:19,1023.48,-0.15
2024-05-06 18:19:20,1056.13,-0.15
2024-05-06 18:19:21,1035.23,-0.15
2024-05-06 18:19:22,1037.85,-0.15
2024-05-06 18:19:23,1065.26,-0.15
2024-05-06 18:19:24,1039.15,-0.15
2024-05-06 18:19:25,1073.10,-0.15
2024-05-06 18:19:26,1037.85,-0.15
2024-05-06 18:19:27,1088.76,-0.15
2024-05-06 18:19:28,1052.21,-0.15
2024-05-06 18:19:29,1070.49,-0.15
2024-05-06 18:19:30,1083.54,-0.15
2024-05-06 18:19:31,1063.96,-0.15
2024-05-06 18:19:32,1100.50,-0.15
2024-05-06 18:19:33,1073.10,-0.15
2024-05-06 18:19:34,1110.93,-0.15
2024-05-06 18:19:35,1092.67,-0.15
2024-05-06 18:19:36,1105.72,-0.15
2024-05-06 18:19:37,1084.84,-0.15
2024-05-06 18:19:38,1084.84,-0.15
2024-05-06 18:19:39,1100.50,-0.15
2024-05-06 18:19:40,1095.28,-0.15
2024-05-06 18:19:41,1127.89,-0.15
2024-05-06 18:19:42,1105.72,-0.15
2024-05-06 18:19:43,1123.97,-0.15
2024-05-06 18:19:44,1113.54,-0.15
2024-05-06 18:19:45,1114.85,-0.15
2024-05-06 18:19:46,1143.53,-0.15
2024-05-06 18:19:47,1114.85,-0.15
2024-05-06 18:19:48,1155.26,-0.15
2024-05-06 18:19:49,1131.80,-0.15
2024-05-06 18:19:50,1139.62,-0.15
2024-05-06 18:19:51,1159.17,-0.15
2024-05-06 18:19:52,1138.32,-0.15
2024-05-06 18:19:53,1165.69,-0.15
2024-05-06 18:19:54,1166.99,-0.15
2024-05-06 18:19:55,1150.05,-0.15
2024-05-06 18:19:56,1165.69,-0.15
2024-05-06 18:19:57,1176.11,-0.15
2024-05-06 18:19:58,1159.17,-0.15
2024-05-06 18:19:59,1159.17,-0.15
2024-05-06 18:20:00,1159.17,-0.15
2024-05-06 18:20:01,1159.17,-0.15
2024-05-06 18:20:02,1173.51,-0.15
2024-05-06 18:20:03,1151.35,-0.15
2024-05-06 18:20:04,1155.26,-0.15
2024-05-06 18:20:05,1156.57,-0.15
2024-05-06 18:20:06,1159.17,-0.15
2024-05-06 18:20:07,1165.69,-0.15
2024-05-06 18:20:08,1159.17,-0.15
2024-05-06 18:20:09,1168.30,-0.15
2024-05-06 18:20:10,1163.08,-0.15
2024-05-06 18:20:11,1153.96,-0.15
2024-05-06 18:20:12,1161.78,-0.15
2024-05-06 18:20:13,1164.39,-0.15
2024-05-06 18:20:14,1163.08,-0.15
2024-05-06 18:20:15,1159.17,-0.15
2024-05-06 18:20:16,1168.30,-0.15
2024-05-06 18:20:17,1165.69,-0.15
2024-05-06 18:20:18,1169.60,-0.15
2024-05-06 18:20:19,1161.78,-0.15
2024-05-06 18:20:20,1170.90,-0.15
2024-05-06 18:20:21,1165.69,-0.15
2024-05-06 18:20:22,1172.21,-0.15
2024-05-06 18:20:23,1165.69,-0.15
2024-05-06 18:20:24,1159.17,-0.15
2024-05-06 18:20:25,1169.60,-0.15
2024-05-06 18:20:26,1161.78,-0.15
2024-05-06 18:20:27,1168.30,-0.15
2024-05-06 18:20:28,1168.30,-0.15
2024-05-06 18:20:29,1165.69,-0.15
2024-05-06 18:20:30,1166.99,-0.15
2024-05-06 18:20:31,1169.60,-0.15
2024-05-06 18:20:32,1170.90,-0.15
2024-05-06 18:20:33,1172.21,-0.15
2024-05-06 18:20:34,1164.39,-0.15
2024-05-06 18:20:35,1173.51,-0.15
2024-05-06 18:20:36,1172.21,-0.15
2024-05-06 18:20:37,1166.99,-0.15
2024-05-06 18:20:38,1170.90,-0.15
2024-05-06 18:20:39,1173.51,-0.15
2024-05-06 18:20:40,1174.81,-0.15
2024-05-06 18:20:41,1169.60,-0.15
2024-05-06 18:20:42,1172.21,-0.15
2024-05-06 18:20:43,1173.51,-0.15
2024-05-06 18:20:44,1169.60,-0.15
2024-05-06 18:20:45,1169.60,-0.15
2024-05-06 18:20:46,1166.99,-0.15
2024-05-06 18:20:47,1173.51,-0.15
2024-05-06 18:20:48,1176.11,-0.15
2024-05-06 18:20:49,1173.51,-0.15
2024-05-06 18:20:50,1174.81,-0.15
2024-05-06 18:20:51,1174.81,-0.15
2024-05-06 18:20:52,1169.60,-0.15
2024-05-06 18:20:53,1173.51,-0.15
2024-05-06 18:20:54,1170.90,-0.15
2024-05-06 18:20:55,1174.81,-0.15
2024-05-06 18:20:56,1168.30,-0.15
2024-05-06 18:20:57,1172.21,-0.15
2024-05-06 18:20:58,1174.81,-0.15
2024-05-06 18:20:59,1173.51,-0.15
2024-05-06 18:21:00,1174.81,-0.15
2024-05-06 18:21:01,1172.21,-0.15
2024-05-06 18:21:02,1166.99,-0.15
2024-05-06 18:21:03,1165.69,-0.15
2024-05-06 18:21:04,1174.81,-0.15
2024-05-06 18:21:05,1173.51,-0.15
2024-05-06 18:21:06,1164.39,-0.15
2024-05-06 18:21:07,1170.90,-0.15
2024-05-06 18:21:08,1169.60,-0.15
2024-05-06 18:21:09,1161.78,-0.15
2024-05-06 18:21:10,1173.51,-0.15
2024-05-06 18:21:11,1168.30,-0.15
2024-05-06 18:21:12,1173.51,-0.15
2024-05-06 18:21:13,1173.51,-0.15
2024-05-06 18:21:14,1176.11,-0.15
2024-05-06 18:21:15,1174.81,-0.15
2024-05-06 18:21:16,1170.90,-0.15
2024-05-06 18:21:17,1170.90,-0.15
2024-05-06 18:21:18,1165.69,-0.15
2024-05-06 18:21:19,1174.81,-0.15
2024-05-06 18:21:20,1168.30,-0.15
2024-05-06 18:21:21,1170.90,-0.15
2024-05-06 18:21:22,1174.81,-0.15
2024-05-06 18:21:23,1173.51,-0.15
2024-05-06 18:21:24,1168.30,-0.15
2024-05-06 18:21:25,1176.11,-0.15
2024-05-06 18:21:26,1172.21,-0.15
2024-05-06 18:21:27,1173.51,-0.15
2024-05-06 18:21:28,1169.60,-0.15
2024-05-06 18:21:29,1176.11,-0.15
2024-05-06 18:21:30,1164.39,-0.15
2024-05-06 18:21:31,1164.39,-0.15
2024-05-06 18:21:32,1172.21,-0.15
2024-05-06 18:21:33,1164.39,-0.15
2024-05-06 18:21:34,1166.99,-0.15
2024-05-06 18:21:35,1172.21,-0.15
2024-05-06 18:21:36,1173.51,-0.15
2024-05-06 18:21:37,1172.21,-0.15
2024-05-06 18:21:38,1176.11,-0.15
2024-05-06 18:21:39,1173.51,-0.15
2024-05-06 18:21:40,1176.11,-0.15
2024-05-06 18:21:41,1176.11,-0.15
2024-05-06 18:21:42,1170.90,-0.15
2024-05-06 18:21:43,1174.81,-0.15
2024-05-06 18:21:44,1174.81,-0.15
2024-05-06 18:21:45,1174.81,-0.15
2024-05-06 18:21:46,1173.51,-0.15
2024-05-06 18:21:47,1170.90,-0.15
2024-05-06 18:21:48,1173.51,-0.15
2024-05-06 18:21:49,1173.51,-0.15
2024-05-06 18:21:50,1166.99,-0.15
2024-05-06 18:21:51,1170.90,-0.15
2024-05-06 18:21:52,1172.21,-0.15
2024-05-06 18:21:53,1174.81,-0.15
2024-05-06 18:21:54,1170.90,-0.15
2024-05-06 18:21:55,1174.81,-0.15
2024-05-06 18:21:56,1173.51,-0.15
2024-05-06 18:21:57,1173.51,-0.15
2024-05-06 18:21:58,1176.11,-0.15
2024-05-06 18:21:59,1174.81,-0.15
2024-05-06 18:22:00,1176.11,-0.15
2024-05-06 18:22:01,1169.60,-0.15
2024-05-06 18:22:02,1173.51,-0.15
2024-05-06 18:22:03,1170.90,-0.15
2024-05-06 18:22:04,1176.11,-0.15
2024-05-06 18:22:05,1172.21,-0.15
2024-05-06 18:22:06,1169.60,-0.15
2024-05-06 18:22:07,1174.81,-0.15
2024-05-06 18:22:08,1168.30,-0.15
2024-05-06 18:22:09,1172.21,-0.15
2024-05-06 18:22:10,1170.90,-0.15
2024-05-06 18:22:11,1173.51,-0.15
2024-05-06 18:22:12,1168.30,-0.15
2024-05-06 18:22:13,1168.30,-0.15
2024-05-06 18:22:14,1170.90,-0.15
2024-05-06 18:22:15,1174.81,-0.15
2024-05-06 18:22:16,1173.51,-0.15
2024-05-06 18:22:17,1165.69,-0.15
2024-05-06 18:22:18,1173.51,-0.15
2024-05-06 18:22:19,1176.11,-0.15
2024-05-06 18:22:20,1173.51,-0.15
2024-05-06 18:22:21,1170.90,-0.15
2024-05-06 18:22:22,1172.21,-0.15
2024-05-06 18:22:23,1170.90,-0.15
2024-05-06 18:22:24,1176.11,-0.15
2024-05-06 18:22:25,1168.30,-0.15
2024-05-06 18:22:26,1172.21,-0.15
2024-05-06 18:22:27,1176.11,-0.15
2024-05-06 18:22:28,1176.11,-0.15
2024-05-06 18:22:29,1173.51,-0.15
2024-05-06 18:22:30,1172.21,-0.15
2024-05-06 18:22:31,1170.90,-0.15
2024-05-06 18:22:32,1166.99,-0.15
2024-05-06 18:22:33,1172.21,-0.15
2024-05-06 18:22:34,1168.30,-0.15
2024-05-06 18:22:35,1172.21,-0.15
2024-05-06 18:22:36,1165.69,-0.15
2024-05-06 18:22:37,1177.42,-0.15
2024-05-06 18:22:38,1176.11,-0.15
2024-05-06 18:22:39,1168.30,-0.15
2024-05-06 18:22:40,1170.90,-0.15
2024-05-06 18:22:41,1173.51,-0.15
2024-05-06 18:22:42,1174.81,-0.15
2024-05-06 18:22:43,1174.81,-0.15
2024-05-06 18:22:44,1169.60,-0.15
2024-05-06 18:22:45,1172.21,-0.15
2024-05-06 18:22:46,1173.51,-0.15
2024-05-06 18:22:47,1173.51,-0.15
2024-05-06 18:22:48,1173.51,-0.15
2024-05-06 18:22:49,1168.30,-0.15
2024-05-06 18:22:50,1169.60,-0.15
2024-05-06 18:22:51,1169.60,-0.15
2024-05-06 18:22:52,1176.11,-0.15
2024-05-06 18:22:53,1169.60,-0.15
2024-05-06 18:22:54,1172.21,-0.15
2024-05-06 18:22:55,1176.11,-0.15
2024-05-06 18:22:56,1168.30,-0.15
2024-05-06 18:22:57,1176.11,-0.15
2024-05-06 18:22:58,1165.69,-0.15
2024-05-06 18:22:59,1172.21,-0.15
2024-05-06 18:23:00,1173.51,-0.15
2024-05-06 18:23:01,1166.99,-0.15
2024-05-06 18:23:02,1172.21,-0.15
2024-05-06 18:23:03,1173.51,-0.15
2024-05-06 18:23:04,1172.21,-0.15
2024-05-06 18:23:05,1176.11,-0.15
2024-05-06 18:23:06,1169.60,-0.15
2024-05-06 18:23:07,1177.42,-0.15
2024-05-06 18:23:08,1166.99,-0.15
2024-05-06 18:23:09,1170.90,-0.15
2024-05-06 18:23:10,1169.60,-0.15
2024-05-06 18:23:11,1170.90,-0.15
2024-05-06 18:23:12,1173.51,-0.15
2024-05-06 18:23:13,1169.60,-0.15
2024-05-06 18:23:14,1176.11,-0.15
2024-05-06 18:23:15,1170.90,-0.15
2024-05-06 18:23:16,1172.21,-0.15
2024-05-06 18:23:17,1176.11,-0.15
2024-05-06 18:23:18,1182.63,-0.15
2024-05-06 18:23:19,1044.38,-0.15
2024-05-06 18:23:20,840.34,-0.15
2024-05-06 18:23:21,336.51,-0.15
2024-05-06 18:23:22,390.64,-0.15
2024-05-06 18:23:23,29.32,-0.15
2024-05-06 18:23:24,24.01,-0.15
2024-05-06 18:23:25,20.03,-0.15
2024-05-06 18:23:26,18.70,-0.15
2024-05-06 18:23:27,16.04,-0.15
2024-05-06 18:23:28,18.70,-0.15
2024-05-06 18:23:29,17.37,-0.15
2024-05-06 18:23:30,17.37,-0.15
2024-05-06 18:23:31,16.04,-0.15
2024-05-06 18:23:32,17.37,-0.15
